kappa,trial,name,variant,group,observed_repeat,predicted_repeat,repeat_mean_bias,repeat_brier,train_mean_brier,mark_nll,uniform_mark_nll,curve_l1
0,0,U,A,pooled,0.3119710563295204,0.3140495349599679,0.0020784786304475222,0.15835133103731427,0.21466778354492125,3.3458641279239436,4.1588830833596715,0.0025320329146878862
0,0,U,A,0,0.31215997750755603,0.31447964091787983,0.0023196634103238023,0.15831399288359718,0.21474220839988342,3.3450027124988737,4.1588830833596715,0.0028719606070138947
0,0,U,A,1,0.31017932137857473,0.30997039526047193,0.00020892611810280348,0.15870544737151407,0.21397090418691228,3.354033821446031,4.1588830833596715,0.0031178382183617006
0,0,U,B,pooled,0.3119710563295204,0.3140495349599679,0.0020784786304475222,0.15835133103731427,0.21466778354492125,3.3458641279239436,4.1588830833596715,0.0025320329146878862
0,0,U,B,0,0.31215997750755603,0.31447964091787983,0.0023196634103238023,0.15831399288359718,0.21474220839988342,3.3450027124988737,4.1588830833596715,0.0028719606070138947
0,0,U,B,1,0.31017932137857473,0.30997039526047193,0.00020892611810280348,0.15870544737151407,0.21397090418691228,3.354033821446031,4.1588830833596715,0.0031178382183617006
0,0,U,P,pooled,0.3119710563295204,0.3140495349599679,0.0020784786304475222,0.15835133103731427,0.21466778354492125,3.3458641279239436,4.1588830833596715,0.0025320329146878862
0,0,U,P,0,0.31215997750755603,0.31447964091787983,0.0023196634103238023,0.15831399288359718,0.21474220839988342,3.3450027124988737,4.1588830833596715,0.0028719606070138947
0,0,U,P,1,0.31017932137857473,0.30997039526047193,0.00020892611810280348,0.15870544737151407,0.21397090418691228,3.354033821446031,4.1588830833596715,0.0031178382183617006
0,0,G,A,pooled,0.3119710563295204,0.3141165354921186,0.0021454791625982184,0.15834906503338478,0.21466778354492125,3.3458699797358307,4.1588830833596715,0.00249554149181995
0,0,G,A,0,0.31215997750755603,0.3145514088327281,0.0023914313251720554,0.15830928380516712,0.21474220839988342,3.3449872023779617,4.1588830833596715,0.002828873180590049
0,0,G,A,1,0.31017932137857473,0.3099921817711323,0.00018713960744243252,0.15872635157018364,0.21397090418691228,3.3542422705633808,4.1588830833596715,0.0030742230785305805
0,0,G,B,pooled,0.3119710563295204,0.3141165354921186,0.0021454791625982184,0.15834906503338478,0.21466778354492125,3.3458699797358307,4.1588830833596715,0.00249554149181995
0,0,G,B,0,0.31215997750755603,0.3145514088327281,0.0023914313251720554,0.15830928380516712,0.21474220839988342,3.3449872023779617,4.1588830833596715,0.002828873180590049
0,0,G,B,1,0.31017932137857473,0.3099921817711323,0.00018713960744243252,0.15872635157018364,0.21397090418691228,3.3542422705633808,4.1588830833596715,0.0030742230785305805
0,0,G,P,pooled,0.3119710563295204,0.3141165354921186,0.0021454791625982184,0.15834906503338478,0.21466778354492125,3.3458699797358307,4.1588830833596715,0.00249554149181995
0,0,G,P,0,0.31215997750755603,0.3145514088327281,0.0023914313251720554,0.15830928380516712,0.21474220839988342,3.3449872023779617,4.1588830833596715,0.002828873180590049
0,0,G,P,1,0.31017932137857473,0.3099921817711323,0.00018713960744243252,0.15872635157018364,0.21397090418691228,3.3542422705633808,4.1588830833596715,0.0030742230785305805
0,1,U,A,pooled,0.3119710563295204,0.31412258969729595,0.002151533367775571,0.15876975323806156,0.21466778354492125,3.3469401133207044,4.1588830833596715,0.002469186180758764
0,1,U,A,0,0.31215997750755603,0.31458977480467826,0.002429797297122227,0.15876108721020527,0.21474220839988342,3.3458481092427146,4.1588830833596715,0.00283029320506849
0,1,U,A,1,0.31017932137857473,0.3096917900687863,0.00048753130978845816,0.15885194214434223,0.21397090418691228,3.357296717558805,4.1588830833596715,0.003087399762170353
0,1,U,B,pooled,0.3119710563295204,0.31412258969729595,0.002151533367775571,0.15876975323806156,0.21466778354492125,3.3469401133207044,4.1588830833596715,0.002469186180758764
0,1,U,B,0,0.31215997750755603,0.31458977480467826,0.002429797297122227,0.15876108721020527,0.21474220839988342,3.3458481092427146,4.1588830833596715,0.00283029320506849
0,1,U,B,1,0.31017932137857473,0.3096917900687863,0.00048753130978845816,0.15885194214434223,0.21397090418691228,3.357296717558805,4.1588830833596715,0.003087399762170353
0,1,U,P,pooled,0.3119710563295204,0.31412258969729595,0.002151533367775571,0.15876975323806156,0.21466778354492125,3.3469401133207044,4.1588830833596715,0.002469186180758764
0,1,U,P,0,0.31215997750755603,0.31458977480467826,0.002429797297122227,0.15876108721020527,0.21474220839988342,3.3458481092427146,4.1588830833596715,0.00283029320506849
0,1,U,P,1,0.31017932137857473,0.3096917900687863,0.00048753130978845816,0.15885194214434223,0.21397090418691228,3.357296717558805,4.1588830833596715,0.003087399762170353
0,1,G,A,pooled,0.3119710563295204,0.3141781509235188,0.0022070945939984266,0.15879373814764536,0.21466778354492125,3.347021049314955,4.1588830833596715,0.0025256302758642018
0,1,G,A,0,0.31215997750755603,0.31463186676085775,0.002471889253301718,0.15878658490485434,0.21474220839988342,3.3459324794987415,4.1588830833596715,0.0028885527406676275
0,1,G,A,1,0.31017932137857473,0.3098750943154116,0.00030422706316313164,0.15886157974833073,0.21397090418691228,3.3573450828962264,4.1588830833596715,0.0031713910396438958
0,1,G,B,pooled,0.3119710563295204,0.3141781509235188,0.0022070945939984266,0.15879373814764536,0.21466778354492125,3.347021049314955,4.1588830833596715,0.0025256302758642018
0,1,G,B,0,0.31215997750755603,0.31463186676085775,0.002471889253301718,0.15878658490485434,0.21474220839988342,3.3459324794987415,4.1588830833596715,0.0028885527406676275
0,1,G,B,1,0.31017932137857473,0.3098750943154116,0.00030422706316313164,0.15886157974833073,0.21397090418691228,3.3573450828962264,4.1588830833596715,0.0031713910396438958
0,1,G,P,pooled,0.3119710563295204,0.3141781509235188,0.0022070945939984266,0.15879373814764536,0.21466778354492125,3.347021049314955,4.1588830833596715,0.0025256302758642018
0,1,G,P,0,0.31215997750755603,0.31463186676085775,0.002471889253301718,0.15878658490485434,0.21474220839988342,3.3459324794987415,4.1588830833596715,0.0028885527406676275
0,1,G,P,1,0.31017932137857473,0.3098750943154116,0.00030422706316313164,0.15886157974833073,0.21397090418691228,3.3573450828962264,4.1588830833596715,0.0031713910396438958
0,2,U,A,pooled,0.3119710563295204,0.31415675590459463,0.0021856995750742514,0.15901433364509818,0.21466778354492125,3.347356298357196,4.1588830833596715,0.0024025979785719993
0,2,U,A,0,0.31215997750755603,0.3145531601468272,0.0023931826392711852,0.1589444590951423,0.21474220839988342,3.346240799296786,4.1588830833596715,0.0027516167220930964
0,2,U,A,1,0.31017932137857473,0.3103972444358639,0.00021792305728918215,0.159677026280404,0.21397090418691228,3.3579357298167336,4.1588830833596715,0.0028975623807394207
0,2,U,B,pooled,0.3119710563295204,0.31415675590459463,0.0021856995750742514,0.15901433364509818,0.21466778354492125,3.347356298357196,4.1588830833596715,0.0024025979785719993
0,2,U,B,0,0.31215997750755603,0.3145531601468272,0.0023931826392711852,0.1589444590951423,0.21474220839988342,3.346240799296786,4.1588830833596715,0.0027516167220930964
0,2,U,B,1,0.31017932137857473,0.3103972444358639,0.00021792305728918215,0.159677026280404,0.21397090418691228,3.3579357298167336,4.1588830833596715,0.0028975623807394207
0,2,U,P,pooled,0.3119710563295204,0.31415675590459463,0.0021856995750742514,0.15901433364509818,0.21466778354492125,3.347356298357196,4.1588830833596715,0.0024025979785719993
0,2,U,P,0,0.31215997750755603,0.3145531601468272,0.0023931826392711852,0.1589444590951423,0.21474220839988342,3.346240799296786,4.1588830833596715,0.0027516167220930964
0,2,U,P,1,0.31017932137857473,0.3103972444358639,0.00021792305728918215,0.159677026280404,0.21397090418691228,3.3579357298167336,4.1588830833596715,0.0028975623807394207
0,2,G,A,pooled,0.3119710563295204,0.31420008783994297,0.0022290315104225855,0.15903300742528692,0.21466778354492125,3.347395954231374,4.1588830833596715,0.002419889732588795
0,2,G,A,0,0.31215997750755603,0.3145976379118547,0.0024376604042986583,0.15896452572539627,0.21474220839988342,3.346275154023161,4.1588830833596715,0.0027755162103254606
0,2,G,A,1,0.31017932137857473,0.3104297092831202,0.0002503879045454571,0.15968249022266312,0.21397090418691228,3.3580256619590263,4.1588830833596715,0.002935838070863347
0,2,G,B,pooled,0.3119710563295204,0.31390653557412423,0.001935479244603855,0.15903365118848972,0.21466778354492125,3.3474026967620083,4.1588830833596715,0.0021263374667703093
0,2,G,B,0,0.31215997750755603,0.3145976379118547,0.0024376604042986583,0.15896452572539627,0.21474220839988342,3.346275154023161,4.1588830833596715,0.0027755162103254606
0,2,G,B,1,0.31017932137857473,0.3073520972307531,0.002827224147821661,0.15968923945822558,0.21397090418691228,3.3580963508821275,4.1588830833596715,0.0056658217319443165
0,2,G,P,pooled,0.3119710563295204,0.31390653557412423,0.001935479244603855,0.15903365118848972,0.21466778354492125,3.3474026967620083,4.1588830833596715,0.0021263374667703093
0,2,G,P,0,0.31215997750755603,0.3145976379118547,0.0024376604042986583,0.15896452572539627,0.21474220839988342,3.346275154023161,4.1588830833596715,0.0027755162103254606
0,2,G,P,1,0.31017932137857473,0.3073520972307531,0.002827224147821661,0.15968923945822558,0.21397090418691228,3.3580963508821275,4.1588830833596715,0.0056658217319443165
1,0,U,A,pooled,0.31773817169090296,0.316950335535889,0.0007878361550139323,0.157832047975268,0.21678207081612183,3.320953627327299,4.1588830833596715,0.0013493867519712675
1,0,U,A,0,0.3174738173894707,0.3166060630986776,0.0008677542907931102,0.15952410568348804,0.21668530928625124,3.3263512864982183,4.1588830833596715,0.0011988017560316936
1,0,U,A,1,0.3202453169788681,0.3202154271725848,2.988980628332305e-05,0.14178451446760418,0.21769513517791528,3.2697620420831965,4.1588830833596715,0.0073281413283117994
1,0,U,B,pooled,0.31773817169090296,0.3184823398669112,0.000744168176008253,0.15803797462335875,0.21678207081612183,3.3215358041042267,4.1588830833596715,0.005347451353439769
1,0,U,B,0,0.3174738173894707,0.31716713945582714,0.0003066779336435843,0.15964617064780823,0.21668530928625124,3.326707987584159,4.1588830833596715,0.007846916076771706
1,0,U,B,1,0.3202453169788681,0.33095574580551107,0.01071042882664297,0.14278578820922502,0.21769513517791528,3.272482638069299,4.1588830833596715,0.02501658613353064
1,0,U,P,pooled,0.31773817169090296,0.31834323275867743,0.0006050610677744706,0.15791832191815103,0.21678207081612183,3.3211492355929604,4.1588830833596715,0.001901205196567413
1,0,U,P,0,0.3174738173894707,0.3166060630986776,0.0008677542907931102,0.15952410568348804,0.21668530928625124,3.3263512864982183,4.1588830833596715,0.0011988017560316936
1,0,U,P,1,0.3202453169788681,0.33481860956876813,0.014573292589900033,0.14268901345241516,0.21769513517791528,3.271812805868868,4.1588830833596715,0.02193132372449554
1,0,G,A,pooled,0.31773817169090296,0.31699914396723605,0.0007390277236669074,0.1578487477659566,0.21678207081612183,3.320963031529522,4.1588830833596715,0.0014168632240669267
1,0,G,A,0,0.3174738173894707,0.31664587115679127,0.0008279462326794551,0.1595440875419172,0.21668530928625124,3.3263435576929368,4.1588830833596715,0.0012928142324721559
1,0,G,A,1,0.3202453169788681,0.32034959545326863,0.00010427847440053206,0.14177008701494587,0.21769513517791528,3.269933936317946,4.1588830833596715,0.007377241046167447
1,0,G,B,pooled,0.31773817169090296,0.3182016068578991,0.00046343516699615117,0.15806344249107732,0.21678207081612183,3.3215569325238574,4.1588830833596715,0.005782712180157937
1,0,G,B,0,0.3174738173894707,0.3171932446926358,0.00028057269683490205,0.15966919204996638,0.21668530928625124,3.326700956629611,4.1588830833596715,0.00793994960285528
1,0,G,B,1,0.3202453169788681,0.32776494831860165,0.007519631339733546,0.14283445844047052,0.21769513517791528,3.272770830962261,4.1588830833596715,0.02811316022385401
1,0,G,P,pooled,0.31773817169090296,0.31874271349008665,0.0010045417991836891,0.15804804464694738,0.21678207081612183,3.3215194644687727,4.1588830833596715,0.005612455882418105
1,0,G,P,0,0.3174738173894707,0.3171932446926358,0.00028057269683490205,0.15966919204996638,0.21668530928625124,3.326700956629611,4.1588830833596715,0.00793994960285528
1,0,G,P,1,0.3202453169788681,0.33343792886328366,0.013192611884415562,0.14267302691296255,0.21769513517791528,3.2723780145839405,4.1588830833596715,0.022807538361338156
1,1,U,A,pooled,0.31773817169090296,0.31693200211199685,0.000806169578906113,0.15819045158870595,0.21678207081612183,3.3225104446334837,4.1588830833596715,0.001460774065281301
1,1,U,A,0,0.3174738173894707,0.3166140985361533,0.000859718853317426,0.15987653989563286,0.21668530928625124,3.3280645741953405,4.1588830833596715,0.001312086122053017
1,1,U,A,1,0.3202453169788681,0.319947010560451,0.0002983064184171047,0.14219953208824007,0.21769513517791528,3.2698348888195103,4.1588830833596715,0.007257700867827557
1,1,U,B,pooled,0.31773817169090296,0.31762917070049584,0.00010900099040711542,0.15828590460553044,0.21678207081612183,3.3227804473280895,4.1588830833596715,0.002469557414504476
1,1,U,B,0,0.3174738173894707,0.3166140985361533,0.000859718853317426,0.15987653989563286,0.21668530928625124,3.3280645741953405,4.1588830833596715,0.001312086122053017
1,1,U,B,1,0.3202453169788681,0.3272561500232749,0.007010833044406806,0.14320026479999304,0.21769513517791528,3.272665606357231,4.1588830833596715,0.02825195760802064
1,1,U,P,pooled,0.31773817169090296,0.3184685762047647,0.0007304045138617488,0.15839063529514913,0.21678207081612183,3.3230471696665447,4.1588830833596715,0.006118041334309496
1,1,U,P,0,0.3174738173894707,0.3171718243334509,0.0003019930560198003,0.16000352993154368,0.21668530928625124,3.3284204898242007,4.1588830833596715,0.007856133457061543
1,1,U,P,1,0.3202453169788681,0.33076701555759475,0.010521698578726646,0.14309388708370652,0.21769513517791528,3.272086416461436,4.1588830833596715,0.024741092073700826
1,1,G,A,pooled,0.31773817169090296,0.3169917798408268,0.0007463918500761335,0.15815250184934898,0.21678207081612183,3.322429789260609,4.1588830833596715,0.001394348497085598
1,1,G,A,0,0.3174738173894707,0.3166595393799414,0.0008142780095293234,0.15984912434029594,0.21668530928625124,3.3279703865717973,4.1588830833596715,0.0012388748905820869
1,1,G,A,1,0.3202453169788681,0.32014275980017404,0.00010255717869406267,0.14206167578528495,0.21769513517791528,3.2698825737774535,4.1588830833596715,0.007272747238642372
1,1,G,B,pooled,0.31773817169090296,0.3181220196830093,0.00038384799210633425,0.1582347274544298,0.21678207081612183,3.3226658435673175,4.1588830833596715,0.0020566698900292683
1,1,G,B,0,0.3174738173894707,0.3166595393799414,0.0008142780095293234,0.15984912434029594,0.21668530928625124,3.3279703865717973,4.1588830833596715,0.0012388748905820869
1,1,G,B,1,0.3202453169788681,0.331992233183274,0.011746916204405877,0.1429237318573243,0.21769513517791528,3.2723573752487183,4.1588830833596715,0.023826969476528233
1,1,G,P,pooled,0.31773817169090296,0.3181220196830093,0.00038384799210633425,0.1582347274544298,0.21678207081612183,3.3226658435673175,4.1588830833596715,0.0020566698900292683
1,1,G,P,0,0.3174738173894707,0.3166595393799414,0.0008142780095293234,0.15984912434029594,0.21668530928625124,3.3279703865717973,4.1588830833596715,0.0012388748905820869
1,1,G,P,1,0.3202453169788681,0.331992233183274,0.011746916204405877,0.1429237318573243,0.21769513517791528,3.2723573752487183,4.1588830833596715,0.023826969476528233
1,2,U,A,pooled,0.31773817169090296,0.3166526661936718,0.0010855054972311873,0.15814755643601286,0.21678207081612183,3.3222900691534054,4.1588830833596715,0.0015098899220183123
1,2,U,A,0,0.3174738173894707,0.3162010520324232,0.0012727653570475117,0.1598832487585502,0.21668530928625124,3.3277721110989664,4.1588830833596715,0.001496291925931896
1,2,U,A,1,0.3202453169788681,0.32093579043344406,0.0006904734545759572,0.1416861907452328,0.21769513517791528,3.2702981947720406,4.1588830833596715,0.008086956255438869
1,2,U,B,pooled,0.31773817169090296,0.3173293590705332,0.0004088126203697362,0.1582474147433462,0.21678207081612183,3.3225631518553373,4.1588830833596715,0.0022892360731902885
1,2,U,B,0,0.3174738173894707,0.3162010520324232,0.0012727653570475117,0.1598832487585502,0.21668530928625124,3.3277721110989664,4.1588830833596715,0.001496291925931896
1,2,U,B,1,0.3202453169788681,0.32803026183114364,0.007784944852275544,0.1427331086742128,0.21769513517791528,3.273161203212513,4.1588830833596715,0.028052135452046826
1,2,U,P,pooled,0.31773817169090296,0.3173293590705332,0.0004088126203697362,0.1582474147433462,0.21678207081612183,3.3225631518553373,4.1588830833596715,0.0022892360731902885
1,2,U,P,0,0.3174738173894707,0.3162010520324232,0.0012727653570475117,0.1598832487585502,0.21668530928625124,3.3277721110989664,4.1588830833596715,0.001496291925931896
1,2,U,P,1,0.3202453169788681,0.32803026183114364,0.007784944852275544,0.1427331086742128,0.21769513517791528,3.273161203212513,4.1588830833596715,0.028052135452046826
1,2,G,A,pooled,0.31773817169090296,0.31671220156886576,0.0010259701220372008,0.15811206273891756,0.21678207081612183,3.322207020515521,4.1588830833596715,0.0014867343529548164
1,2,G,A,0,0.3174738173894707,0.3162590567332187,0.0012147606562520341,0.15986739868543626,0.21668530928625124,3.3277361158252368,4.1588830833596715,0.001502743636073198
1,2,G,A,1,0.3202453169788681,0.321009842777287,0.0007645257984189024,0.14146439624260307,0.21769513517791528,3.269768890409978,4.1588830833596715,0.008077923684598403
1,2,G,B,pooled,0.31773817169090296,0.31192032832994077,0.005817843360962194,0.15840543665916387,0.21678207081612183,3.323112971070368,4.1588830833596715,0.00705825227148184
1,2,G,B,0,0.3174738173894707,0.3102015982463136,0.0072722191431571215,0.1600825876323366,0.21668530928625124,3.3284347065970588,4.1588830833596715,0.007560202122978315
1,2,G,B,1,0.3202453169788681,0.3282208235634342,0.007975506584566083,0.14249927913944632,0.21769513517791528,3.2726414482797286,4.1588830833596715,0.028076781918448077
1,2,G,P,pooled,0.31773817169090296,0.31192032832994077,0.005817843360962194,0.15840543665916387,0.21678207081612183,3.323112971070368,4.1588830833596715,0.00705825227148184
1,2,G,P,0,0.3174738173894707,0.3102015982463136,0.0072722191431571215,0.1600825876323366,0.21668530928625124,3.3284347065970588,4.1588830833596715,0.007560202122978315
1,2,G,P,1,0.3202453169788681,0.3282208235634342,0.007975506584566083,0.14249927913944632,0.21769513517791528,3.2726414482797286,4.1588830833596715,0.028076781918448077
