family,kappa,variant,group,observed_repeat,predicted_repeat,repeat_mean_bias,repeat_brier,train_mean_brier,mark_nll,uniform_mark_nll,curve_l1
U,0,direct,0,0.31215997750755603,0.3172704970765818,0.005110519569025751,0.21474671167354223,0.21474220839988342,3.473966240535657,4.1588830833596715,0.005110519569071484
U,0,direct,1,0.31017932137857473,0.3118370113081976,0.001657689929622841,0.21394141926868956,0.21397090418691228,3.4816805468209155,4.1588830833596715,0.00639087528517763
U,0,direct,pooled,0.3119710563295204,0.3167522342054133,0.004781177875892939,0.214669900364622,0.21466778354492125,3.474702055203239,4.1588830833596715,0.0047811778759492465
U,0,gap,0,0.31215997750755603,0.3145128180014748,0.002352840493918734,0.15888415099600395,0.21474220839988342,3.346369267881665,4.1588830833596715,0.0028510850382636793
U,0,gap,1,0.31017932137857473,0.3098911336882303,0.00028818769034447134,0.1598853819166274,0.21397090418691228,3.3588664200588187,4.1588830833596715,0.0029672248406500297
U,0,gap,pooled,0.3119710563295204,0.3140719872928064,0.0021009309632860074,0.15897965153354915,0.21466778354492125,3.3475612853534775,4.1588830833596715,0.002435518985078392
U,0,level,0,0.31215997750755603,0.3145121741872322,0.0023521966796761495,0.15888216457707016,0.21474220839988342,3.3463618829495343,4.1588830833596715,0.002594759851874349
U,0,level,1,0.31017932137857473,0.30988669673386277,0.0002926246447119696,0.159889338106746,0.21397090418691228,3.358876642568883,4.1588830833596715,0.003454777042646346
U,0,level,pooled,0.3119710563295204,0.31407098167699193,0.002099925347471554,0.1589782319392582,0.21466778354492125,3.3475555798742676,4.1588830833596715,0.002272103482093948
U,0,raw,0,0.31215997750755603,0.31487756967544556,0.0027175921678895265,0.15888856656129835,0.21474220839988342,3.346377372741699,4.1588830833596715,0.0030062660821834238
U,0,raw,1,0.31017932137857473,0.3117828369140625,0.001603515535487765,0.15990399874000918,0.21397090418691228,3.358888864517212,4.1588830833596715,0.0033549219821859947
U,0,raw,pooled,0.3119710563295204,0.3145824074745178,0.0026113511449974425,0.1589854216592684,0.21466778354492125,3.3475708961486816,4.1588830833596715,0.0027963709285838017
U,1,direct,0,0.3174738173894707,0.3164155493297163,0.0010582680597544525,0.2166903001934842,0.21668530928625124,3.4563481275029693,4.1588830833596715,0.002920033337272829
U,1,direct,1,0.3202453169788681,0.3202658489391125,2.0531960244374314e-05,0.18563075119540162,0.21769513517791528,3.3678337523608786,4.1588830833596715,0.008952545600180328
U,1,direct,pooled,0.31773817169090296,0.3167828029520659,0.0009553687388370591,0.21372774324070692,0.21678207081612183,3.4479053494860015,4.1588830833596715,0.003126324286461509
U,1,gap,0,0.3174738173894707,0.31635522750101364,0.0011185898884571166,0.15958393407921972,0.21668530928625124,3.3265277467811636,4.1588830833596715,0.001438636259539913
U,1,gap,1,0.3202453169788681,0.32046276558428366,0.0003155846774203497,0.14133465096978054,0.21769513517791528,3.268469625440461,4.1588830833596715,0.0070886279723053865
U,1,gap,pooled,0.31773817169090296,0.3167470173337681,0.0009911543571348436,0.15784326036362883,0.21678207081612183,3.320989981533712,4.1588830833596715,0.00141608748956581
U,1,level,0,0.3174738173894707,0.3163535940196881,0.001120223369782597,0.15958332766640015,0.21668530928625124,3.3265260941822596,4.1588830833596715,0.001466029847710349
U,1,level,1,0.3202453169788681,0.32027815467581877,0.0003906123151615759,0.14152524772424913,0.21769513517791528,3.2689830049757926,4.1588830833596715,0.011148530553963625
U,1,level,pooled,0.31773817169090296,0.31672793089299983,0.001010240797903128,0.1578608915070815,0.21678207081612183,3.3210374543110417,4.1588830833596715,0.002312833228366738
U,1,raw,0,0.3174738173894707,0.31374989449977875,0.0037239228896919774,0.15959339412975226,0.21668530928625124,3.326571464538574,4.1588830833596715,0.0037239293334203694
U,1,raw,1,0.3202453169788681,0.3221595734357834,0.0019142564569152865,0.14152384368709575,0.21769513517791528,3.2689952850341797,4.1588830833596715,0.01108477771049753
U,1,raw,pooled,0.31773817169090296,0.31455203890800476,0.003186132782898199,0.15786986387821006,0.21678207081612183,3.3210796117782593,4.1588830833596715,0.0033848382257210654
argn_continued,0,direct,0,0.31215997750755603,0.3172707963664164,0.005110818858860416,0.21474677426914235,0.21474220839988342,3.5753768595185353,4.1588830833596715,0.005110818858812316
argn_continued,0,direct,1,0.31017932137857473,0.3118274459081597,0.00164812452958496,0.21394118899659761,0.21397090418691228,3.5844925301868678,4.1588830833596715,0.0065468538727237145
argn_continued,0,direct,pooled,0.3119710563295204,0.3167515925702664,0.004780536240746036,0.21466993502558543,0.21466778354492125,3.5762463407051213,4.1588830833596715,0.0047805362407070204
argn_continued,0,gap,0,0.31215997750755603,0.3140215863476084,0.0018616088400523756,0.2015114302249007,0.21474220839988342,3.5561022551278167,4.1588830833596715,0.0026049457367879475
argn_continued,0,gap,1,0.31017932137857473,0.30631332809813316,0.003865993280441571,0.20267961569950785,0.21397090418691228,3.5693233369586013,4.1588830833596715,0.0061161450981999585
argn_continued,0,gap,pooled,0.3119710563295204,0.3132863485606014,0.0013152922310810111,0.20162285541011973,0.21466778354492125,3.557363323274796,4.1588830833596715,0.0019357791303104802
argn_continued,0,level,0,0.31215997750755603,0.3140183098213747,0.0018583323138186558,0.20150641358269372,0.21474220839988342,3.556090189749038,4.1588830833596715,0.0019860058456344903
argn_continued,0,level,1,0.31017932137857473,0.30634524854514356,0.003834072833431179,0.20270307655271835,0.21397090418691228,3.5693738229838186,4.1588830833596715,0.007144685891490496
argn_continued,0,level,pooled,0.3119710563295204,0.31328642923178895,0.0013153729022685468,0.20162055504051707,0.21466778354492125,3.557357224244621,4.1588830833596715,0.0013488292590606078
argn_continued,0,raw,0,0.31215997750755603,0.08090206980705261,0.23125790770050342,0.25452374947109596,0.21474220839988342,3.8303561210632324,4.1588830833596715,0.23125791642363966
argn_continued,0,raw,1,0.31017932137857473,0.0777038000524044,0.23247552132617033,0.25588855878329175,0.21397090418691228,3.8466272354125977,4.1588830833596715,0.23247551943450093
argn_continued,0,raw,pooled,0.3119710563295204,0.08059700578451157,0.2313740505450088,0.25465392925307895,0.21466778354492125,3.8319079875946045,4.1588830833596715,0.23137405520806864
argn_continued,1,direct,0,0.3174738173894707,0.3164163206381665,0.0010574967513042044,0.216690490387871,0.21668530928625124,3.519466694636013,4.1588830833596715,0.0030828209568293315
argn_continued,1,direct,1,0.3202453169788681,0.32002664986988527,0.00021866710898282848,0.18545351422157463,0.21769513517791528,3.4266772265976737,4.1588830833596715,0.00809864005130614
argn_continued,1,direct,pooled,0.31773817169090296,0.31676068513514954,0.0009774865557534151,0.2137110098767112,0.21678207081612183,3.510616144884037,4.1588830833596715,0.00308506179725586
argn_continued,1,gap,0,0.3174738173894707,0.3165130714623404,0.000960745927130302,0.20489298692707178,0.21668530928625124,3.4941910361773374,4.1588830833596715,0.0022329082036051965
argn_continued,1,gap,1,0.3202453169788681,0.31939946884784737,0.00313267663203054,0.17733979885121337,0.21769513517791528,3.410303782654921,4.1588830833596715,0.009524669043048918
argn_continued,1,gap,pooled,0.31773817169090296,0.31678838507502166,0.0009497866158812984,0.20226487764865456,0.21678207081612183,3.4861896074963363,4.1588830833596715,0.0024200391552773584
argn_continued,1,level,0,0.3174738173894707,0.3165151460300888,0.0009586713593819074,0.20489491674934407,0.21668530928625124,3.494193655004227,4.1588830833596715,0.002718056753458732
argn_continued,1,level,1,0.3202453169788681,0.3172603260501181,0.003031009328530593,0.2049589453415943,0.21769513517791528,3.480255152717894,4.1588830833596715,0.14519611836049318
argn_continued,1,level,pooled,0.31773817169090296,0.31658622363168387,0.0011519480592190878,0.2049010239967854,0.21678207081612183,3.492864157049758,4.1588830833596715,0.013028885560000359
argn_continued,1,raw,0,0.3174738173894707,0.04664794076234102,0.2708258766271297,0.28291074959958284,0.21668530928625124,3.963667154312134,4.1588830833596715,0.2708258759840707
argn_continued,1,raw,1,0.3202453169788681,0.045911054126918316,0.2743342628519498,0.28578892561236735,0.21769513517791528,3.957972288131714,4.1588830833596715,0.27433426223939766
argn_continued,1,raw,pooled,0.31773817169090296,0.04657765571027994,0.271160515980623,0.28318527903201335,0.21678207081612183,3.963123917579651,4.1588830833596715,0.27116051684103837
argn_original,0,direct,0,0.31215997750755603,0.3172707963664164,0.005110818858860416,0.21474677426914235,0.21474220839988342,3.576296563348818,4.1588830833596715,0.005110818858812316
argn_original,0,direct,1,0.31017932137857473,0.3118274459081597,0.00164812452958496,0.21394118899659761,0.21397090418691228,3.584406326845943,4.1588830833596715,0.0065468538727237145
argn_original,0,direct,pooled,0.3119710563295204,0.3167515925702664,0.004780536240746036,0.21466993502558543,0.21466778354492125,3.577070097962449,4.1588830833596715,0.0047805362407070204
argn_original,0,gap,0,0.31215997750755603,0.31454524428905406,0.0023852667814980577,0.19081831031019375,0.21474220839988342,3.5235710445818373,4.1588830833596715,0.0030204768056841724
argn_original,0,gap,1,0.31017932137857473,0.30860064050155844,0.0015786808770163197,0.19124038514422798,0.21397090418691228,3.534198266282173,4.1588830833596715,0.005230575106718602
argn_original,0,gap,pooled,0.3119710563295204,0.3139782293821976,0.0020071730526772247,0.19085856912831878,0.21466778354492125,3.524584702234722,4.1588830833596715,0.002450653730918995
argn_original,0,level,0,0.31215997750755603,0.3145432370472932,0.0023832595397371703,0.1908125929954534,0.21474220839988342,3.5235574919280825,4.1588830833596715,0.002401231471775438
argn_original,0,level,1,0.31017932137857473,0.30863545144789983,0.0015438699306748738,0.19126362848241646,0.21397090418691228,3.534254985899609,4.1588830833596715,0.006275358965508529
argn_original,0,level,pooled,0.3119710563295204,0.3139797339744031,0.002008677644882717,0.1908556141712578,0.21466778354492125,3.5245778523700384,4.1588830833596715,0.0020086776448780437
argn_original,0,raw,0,0.31215997750755603,0.05052855424582958,0.26163142326172645,0.27300071194445874,0.21474220839988342,3.907065987586975,4.1588830833596715,0.26163142450881305
argn_original,0,raw,1,0.31017932137857473,0.049546925351023674,0.26063239602755106,0.27235747074550504,0.21397090418691228,3.9161529541015625,4.1588830833596715,0.26063239748959904
argn_original,0,raw,pooled,0.3119710563295204,0.05043492279946804,0.26153613353005234,0.27293935758653204,0.21466778354492125,3.90793240070343,4.1588830833596715,0.26153613418627913
argn_original,1,direct,0,0.3174738173894707,0.3164163206381665,0.0010574967513042044,0.216690490387871,0.21668530928625124,3.4792051353997704,4.1588830833596715,0.0030828209568293315
argn_original,1,direct,1,0.3202453169788681,0.32002664986988527,0.00021866710898282848,0.18545351422157463,0.21769513517791528,3.385710305780777,4.1588830833596715,0.00809864005130614
argn_original,1,direct,pooled,0.31773817169090296,0.31676068513514954,0.0009774865557534151,0.2137110098767112,0.21678207081612183,3.4702873060535175,4.1588830833596715,0.00308506179725586
argn_original,1,gap,0,0.3174738173894707,0.31610584820345355,0.0013679691860171428,0.21224399686432582,0.21668530928625124,3.4695020878735865,4.1588830833596715,0.0029038842293526764
argn_original,1,gap,1,0.3202453169788681,0.31958613062579333,0.0006591863530747422,0.18207526089312276,0.21769513517791528,3.3782972889062224,4.1588830833596715,0.008334447924839661
argn_original,1,gap,pooled,0.31773817169090296,0.31643780842890845,0.0013003632619945082,0.20936640844494775,0.21678207081612183,3.4608026888152135,4.1588830833596715,0.0029600807387852096
argn_original,1,level,0,0.3174738173894707,0.31610845740758425,0.0013653599818864715,0.21223935730018306,0.21668530928625124,3.469490938759323,4.1588830833596715,0.002508916852278905
argn_original,1,level,1,0.3202453169788681,0.3172996041207008,0.002945712858167332,0.21286756079979907,0.21769513517791528,3.4560591279541573,4.1588830833596715,0.15835185940884636
argn_original,1,level,pooled,0.31773817169090296,0.31622207270756614,0.0015160989833368221,0.21229927731530185,0.21678207081612183,3.468209770623504,4.1588830833596715,0.01586317328636503
argn_original,1,raw,0,0.3174738173894707,0.020378380082547665,0.29709543730692306,0.30415122942189277,0.21668530928625124,4.105725526809692,4.1588830833596715,0.2970954360371475
argn_original,1,raw,1,0.3202453169788681,0.02044056821614504,0.29980474876272306,0.3066965379389176,0.21769513517791528,4.100440502166748,4.1588830833596715,0.29980474868757034
argn_original,1,raw,pooled,0.31773817169090296,0.02038431353867054,0.2973538581522324,0.3043940089112067,0.21678207081612183,4.105221509933472,4.1588830833596715,0.2973538587537894
