family,kappa,index,variant,group,repeat_curve_mean,repeat_curve_tape_min,repeat_curve_tape_max,null_shape_mean,null_shape_tape_min,null_shape_tape_max,mark_tv_mean,passes_relation,passes_null_shape,passes_distribution_cost,passes_generation_screen,delta_gap_ks,delta_mark_sparse_tv,delta_amount_ks,delta_length_scaled_w1
U,0,0,direct,0,0.0070403820048707015,0.0048624070930749,0.0082476941931696,0.0052065647971563005,0.0039904485652674,0.0070002550426311,0.008826664897830567,True,True,True,True,0.0002178629537451,-0.0031330763245423,-0.0004683105037455,0.0
U,0,0,direct,1,0.014764155013396334,0.0107518183345686,0.0173045718006947,0.010409746664998967,0.004178003958479,0.0168171752541626,0.029666313881123466,True,True,True,True,-0.0011272805124538,-0.0106695916280231,0.0005171104322093,0.0
U,0,0,direct,pooled,0.007109305750936333,0.004942583827582,0.0085105312567226,0.004490302761252534,0.0032332825610378,0.006362984323453,0.008699530138136567,True,True,True,True,-4.2669397508098006e-05,-0.0020885180560073,-0.0002420029377196,0.0
U,0,0,gap,0,0.009736095204784067,0.0028364659838691,0.0172707404293044,0.004391253791449533,0.0019817715638759,0.0059386243996971,0.012013001513022,True,True,True,True,3.176418270759915e-05,5.326029064902163e-05,-3.804306474930464e-05,0.0
U,0,0,gap,1,0.016837730253015732,0.0106209639674349,0.023282207155016,0.013585536334111767,0.0109631590737392,0.0184829512917529,0.04058209697960393,True,True,True,True,0.0,0.0002461914704573,-2.0816681711721685e-17,0.0
U,0,0,gap,pooled,0.0090644170303718,0.0024729371312156,0.0151447894320857,0.004002524095607367,0.0025340061764226,0.0052298424909903,0.0107024172387715,True,True,True,True,3.5557831256749495e-05,-8.563095537246143e-05,-4.0883074407194187e-05,0.0
U,0,0,level,0,0.009735095684540267,0.0031391355691915,0.0169952599578023,0.0043613806040511,0.0022759048931719,0.0058943117940035,0.011906480931723933,True,True,True,True,2.3823137030681143e-05,-5.326029064900775e-05,-3.043445179945481e-05,0.0
U,0,0,level,1,0.01688065246450887,0.0115992072958537,0.0229147037739369,0.013834541502758667,0.0113211702484742,0.0178569628614725,0.03986454968671423,True,True,True,True,-6.808278867103182e-05,-0.0004713558224324,-2.0816681711721685e-17,0.0
U,0,0,level,pooled,0.009063504808744368,0.0027535509767466,0.0148395690425294,0.004073500667729767,0.0027931723902436,0.0051665939053439,0.010872763382134833,True,True,True,True,2.133469875407329e-05,8.471518799085462e-05,-2.7255382938129458e-05,0.0
U,0,0,raw,0,0.012961241395316167,0.0053910152536256,0.0215817080991038,0.004210998158856767,0.0019790718151624,0.0057762682443727,0.011959741222372934,True,True,True,True,0.0,0.0,0.0,0.0
U,0,0,raw,1,0.018764151828843865,0.0108863511198295,0.0250438142393808,0.0137835743651266,0.0114927272033029,0.0172823340110749,0.04033590550914667,True,True,True,True,0.0,0.0,0.0,0.0
U,0,0,raw,pooled,0.012126814620931433,0.0038387626022983,0.019238473986396,0.003939148092508767,0.002138294491517,0.0050895034393718,0.010788048194143933,True,True,True,True,0.0,0.0,0.0,0.0
U,0,1,direct,0,0.0079312811107052,0.0059650207382888,0.0089831413895196,0.0055548240576489,0.0044582709687649,0.0077454981846071,0.008749180382114833,True,True,True,True,0.0001819438855515,-0.0021390128850527,0.0002272857295492,0.0
U,0,1,direct,1,0.013766164209506833,0.009516025552831,0.017167671652333,0.010469531915774067,0.0049975994393919,0.0171526601153664,0.029507897920715467,True,True,True,True,-0.0005502764957281,-0.0077068848019771,-6.38814360546594e-05,0.0
U,0,1,direct,pooled,0.0079714918398218,0.0059653494713044,0.0090468478048269,0.0051279522611443334,0.0039539541937783,0.0070796541402588,0.0099039997362895,True,True,True,True,-5.375996988447526e-05,-0.0028404501400112,0.0001780647541511,0.0
U,0,1,gap,0,0.010243112473086333,0.0071895954564481,0.0138349048168663,0.005879041925030168,0.0051610242379653,0.006672788612473,0.011240430796248932,True,True,True,True,0.0,0.0003522375290813,2.282583884957029e-05,0.0
U,0,1,gap,1,0.017539031951343133,0.0102446401729545,0.029267054787662,0.012076601991851966,0.0100464710934465,0.014611608462427,0.037540940583097,True,True,True,True,0.0,0.0003261578604044,3.865389437986838e-05,0.0
U,0,1,gap,pooled,0.009862396468464834,0.0070316179081074,0.0124518086705348,0.005471730859624833,0.0041262864465628,0.0062095237742215,0.013030631397151202,True,True,True,True,-4.978096375944305e-05,0.0002861815208504,1.3627691469064729e-05,0.0
U,0,1,level,0,0.010125098698220933,0.0068745495329494,0.0140235697082106,0.005938762808411766,0.0052668695636277,0.0064184414049161,0.010990249477661633,True,True,True,True,-2.3823137030681143e-05,0.000102056210494,2.2825838849591107e-05,0.0
U,0,1,level,1,0.017200137146377234,0.0114132564589126,0.0272660282349786,0.0118431404980611,0.0109795879438702,0.0129645006215748,0.037671403727258766,True,True,True,True,6.808278867102488e-05,0.0004566210045661,0.0,0.0
U,0,1,level,pooled,0.0097629427478861,0.0071505973910784,0.0120351269410549,0.0056496157277242,0.0044354940578437,0.0065312510313873,0.0130306313971512,True,True,True,True,-7.111566251365858e-06,0.0002861815208503,2.0441537203597093e-05,0.0
U,0,1,raw,0,0.0084949798831016,0.0065324735322989,0.0108237910351073,0.006063028691585134,0.0053575472484731,0.0065747541046951,0.0108881932671676,True,True,True,True,0.0,0.0,0.0,0.0
U,0,1,raw,1,0.017251478770444032,0.0110273053503473,0.0280290324949131,0.0115861291302222,0.0106714136635959,0.0127738361009804,0.03721478272269257,True,True,True,True,0.0,0.0,0.0,0.0
U,0,1,raw,pooled,0.008615003106825267,0.0068350016159229,0.0101357002111603,0.005716376882375067,0.0045216053020549,0.0066283993263466,0.012744449876300834,True,True,True,True,0.0,0.0,0.0,0.0
U,1,0,direct,0,0.005194804713929034,0.0030494552754051,0.0084278642673598,0.004072132986482233,0.0014232618702717,0.0083156131313827,0.010011128773249334,True,True,True,True,-1.2576289911025997e-05,-0.0022326377788681,9.317810311539054e-05,0.0
U,1,0,direct,1,0.009706814163364334,0.0090429767851783,0.0103999240837447,0.009958035927936933,0.0091802121465237,0.0107744942896307,0.04267077408048853,True,True,True,True,-7.680588178652498e-05,0.0005434547530663,-0.0001832351276057,0.0
U,1,0,direct,pooled,0.0046042606522903005,0.0025335466017883,0.0079568659940288,0.0042196830692198,0.0017716632130445,0.0079298513896564,0.010259981315173366,True,True,True,True,-0.0001727250406641,-0.00208809344917,3.328158651839941e-05,0.0
U,1,0,gap,0,0.007819732360861033,0.0062165938098966,0.0098046142857851,0.0059107920237987,0.0056428542971781,0.0063932303357221,0.012273106423076033,True,True,True,True,0.0001067043894858,2.9339870958542888e-05,6.940579367065158e-06,0.0
U,1,0,gap,1,0.029663345128063765,0.025245313933126,0.0346218327506328,0.02449210750278467,0.0188540186071518,0.0302925931356053,0.04177150014530626,True,True,True,True,0.000136165577342,-0.0003558191821159,0.0002354653898046,0.0
U,1,0,gap,pooled,0.0071216088482304665,0.006911774850717,0.0074784250289451,0.005261244440102467,0.0042997415047045,0.0063753279835558,0.012062854722434966,True,True,True,True,9.2450361267548e-05,-0.0002852200419083,2.0441537203597093e-05,0.0
U,1,0,level,0,0.007860691531095433,0.0061871132869386,0.0098725178156079,0.006333947441547301,0.0060319374079426,0.0068107111318499,0.012077553800561166,True,True,True,True,0.0001146454351627,-0.0001662127515563,-2.6317550707075088e-05,0.0
U,1,0,level,1,0.0337562517724304,0.0291470500167016,0.040608974296847,0.028330429114484166,0.0224725174792835,0.0357912296045284,0.04209129069753773,False,True,True,False,0.0004084967320261,-3.60286298844506e-05,0.0,0.0
U,1,0,level,pooled,0.0072830368061802655,0.0065987238103079,0.0079493896295957,0.005460706806513199,0.0044160831377155,0.0069406906962021,0.012076482413904034,True,True,True,True,0.0001137850600216,-0.0002715923504393,-3.406922867266182e-05,0.0
U,1,0,raw,0,0.007797758016647932,0.007045053680352,0.0084978668055616,0.006197197278616333,0.0054594061833161,0.0066631831280809,0.012243766552117466,True,True,True,True,0.0,0.0,0.0,0.0
U,1,0,raw,1,0.03238088549079757,0.0278600304272565,0.0375869733600219,0.027533222043622334,0.0216063962325402,0.0334916633427143,0.0421273193274222,False,True,True,False,0.0,0.0,0.0,0.0
U,1,0,raw,pooled,0.007200396737950767,0.0049331528283055,0.0087362888523153,0.0054221983861608,0.004190890228911,0.0072170124191698,0.012348074764343367,True,True,True,True,0.0,0.0,0.0,0.0
U,1,1,direct,0,0.005172443358345933,0.0028483898220397,0.0071806727995092,0.004633611711850133,0.0021148058763199,0.0068757105304329,0.009248775972213533,True,True,True,True,-0.0001436539460838,-0.0019773076561436,0.0001726566747323,0.0
U,1,1,direct,1,0.012442938617763133,0.0090726831953063,0.015304710138137,0.011923765135486467,0.0084458853540755,0.0156150777172967,0.04360106780758153,True,True,True,True,0.000386498380137,0.0013491525937904,0.0003508853516991,0.0
U,1,1,direct,pooled,0.0044296027029480335,0.0025933406887345,0.00602842493824,0.004695412630465633,0.0027993364660935,0.0060763757413786,0.010190243368397167,True,True,True,True,-0.0001318039278745,-0.0021685354573895,0.0001562814726272,0.0
U,1,1,gap,0,0.0083290018863342,0.0053301516706014,0.0108132185106552,0.007036139659572367,0.0051473145757049,0.0104170718979918,0.011671484500778567,True,True,True,True,-0.0001826440505685,0.0004454008724212,1.9959316226926534e-05,0.0
U,1,1,gap,1,0.026096383581627497,0.0231499126772383,0.029749349205982,0.021491918152152668,0.016477538139062,0.0277928644749599,0.0429694625066808,True,True,True,True,0.0006808278867102,0.0007175472928897,-0.0003913894324853,0.0
U,1,1,gap,pooled,0.0066823142799005,0.0052542904905559,0.0085953234595744,0.005512109151947466,0.0042498572465833,0.0079484711629902,0.012351964980052166,True,True,True,True,-8.533879501622724e-05,-6.813845734546242e-06,-1.3627691469064729e-05,0.0
U,1,1,level,0,0.008704418893244933,0.0058754846372133,0.0114107706722557,0.007465609221318101,0.0056301391339906,0.0110692755195529,0.011662599423505967,True,True,True,True,-0.0002064671875992,0.0004365157951487,2.160661990561336e-05,0.0
U,1,1,level,1,0.0372893553028827,0.0359083744071836,0.0395655251248913,0.029597540301304032,0.0272011329397117,0.0334097370480915,0.04199098892546751,False,True,True,False,-0.000136165577342,-0.0002609262883235,6.52315720808816e-05,0.0
U,1,1,level,pooled,0.0064632628382932005,0.0050197483192479,0.0085365030988758,0.005534602848961233,0.0039409324741534,0.007920855864565,0.012460986511804701,True,True,True,True,-0.0001849007225351,0.0001022076860179,2.909131863267772e-05,0.0
U,1,1,raw,0,0.008528989805706566,0.0053540756011523,0.0127617928408249,0.006903222612114866,0.0050795616239075,0.0103579736232279,0.011226083628357234,True,True,True,True,0.0,0.0,0.0,0.0
U,1,1,raw,1,0.035122008566410796,0.0335096153144464,0.0361992147996406,0.028668084684286166,0.0249345603356192,0.0337641235130663,0.042251915213791104,False,True,True,False,0.0,0.0,0.0,0.0
U,1,1,raw,pooled,0.008455836688672233,0.0050028812946698,0.0113327471638151,0.005279935912158233,0.0042227176466908,0.0072687154596223,0.012358778825786733,True,True,True,True,0.0,0.0,0.0,0.0
argn_continued,0,20260920,direct,0,0.005975492432978233,0.0048022555488196,0.0070200467176144,0.0034773846648575666,0.0033926833823936,0.003529440040738,0.014649728475559301,True,True,True,True,9.529254812272023e-05,0.0054366343627816,-7.359316244052571e-05,0.0
argn_continued,0,20260920,direct,1,0.011984655650295967,0.0082331948067389,0.0169898566952549,0.0083402206168838,0.0039162100599191,0.0153751493117383,0.029679273520140433,True,True,True,True,0.0007515566500359,0.0057877081115922,0.0003252494355473,0.0
argn_continued,0,20260920,direct,pooled,0.0053136622976034,0.0037866389699501,0.0071440750088005,0.0029366450548007667,0.0022012620927211,0.0034572905565237,0.012333872709816932,True,True,True,True,6.40040962621713e-05,0.00366720984788,-6.813845734532364e-06,0.0
argn_continued,0,20260920,gap,0,0.0933735765722557,0.0913604744922491,0.0962166663271037,0.006289040221739567,0.0058983189367839,0.0066512784140469,0.0295048116019505,False,True,False,False,3.9705228384478986e-05,0.0202917174891728,0.0,0.0
argn_continued,0,20260920,gap,1,0.09265734436954376,0.088726336603658,0.0979431660889676,0.014570685399590265,0.0099729039277753,0.0178725823293035,0.04734968714764679,False,True,False,False,0.0001635602651907,0.0234581217390986,0.0004067993183646,0.0
argn_continued,0,20260920,gap,pooled,0.09330228876891533,0.0913941958885098,0.0954283132630756,0.004877207900912734,0.0041610226410124,0.0055059920111186,0.04067946033680806,False,True,False,False,0.0001564544575297,0.0320127974748711,0.0,0.0
argn_continued,0,20260920,level,0,0.09302932216688857,0.0906351996794694,0.0961259185324311,0.005187158171266067,0.0043174679269358,0.0061522941546772,0.028868572932756503,False,True,False,False,3.9705228384478986e-05,0.0196554788199788,0.0,0.0
argn_continued,0,20260920,level,1,0.09366416503323131,0.0892433722068221,0.0993519827613857,0.014980816978917634,0.0114363418635697,0.016990044866994,0.048181996002763905,False,True,False,False,-0.0002883613133125,0.0242904305942157,0.0004067993183646,0.0
argn_continued,0,20260920,level,pooled,0.0930878322872974,0.090850201506893,0.0953882977936563,0.004047769180756667,0.002883550888396,0.0059200283256387,0.040107097295107336,False,True,False,False,0.0001493428912783,0.0314404344331704,0.0,0.0
argn_continued,0,20260920,raw,0,0.2510560830818516,0.2495067500068126,0.2519445208099231,0.002783122444355267,0.0019972410401324,0.0038095509204349,0.009213094112777634,False,True,True,False,0.0,0.0,0.0,0.0
argn_continued,0,20260920,raw,1,0.2487224322557701,0.2406933582070997,0.2538113441376,0.0092565404436537,0.0063509085424031,0.011758121102653,0.0238915654085482,False,True,True,False,0.0,0.0,0.0,0.0
argn_continued,0,20260920,raw,pooled,0.2508422252273755,0.2497848433050382,0.2519517493190487,0.0022249949322025,0.0010107437894436,0.0034265425949892,0.0086666628619369,False,True,True,False,0.0,0.0,0.0,0.0
argn_continued,0,20260921,direct,0,0.0058405131998514334,0.0045110962040989,0.0079016979040802,0.003928261392073967,0.0031333674222714,0.0045517049811561,0.016531221922458133,True,True,True,True,1.5211732468703096e-05,0.0075791329635331,-3.7316607055899376e-06,0.0
argn_continued,0,20260921,direct,1,0.011841329365430331,0.0091118484525129,0.0133140835605323,0.010605966538499233,0.0087967289189314,0.0124868762650878,0.0272803234925918,True,True,True,True,0.0014779334246271,0.0001338551525733,-9.951002563485243e-06,0.0
argn_continued,0,20260921,direct,pooled,0.005452774945618,0.0039260396772187,0.0082708634570431,0.0030811575529592,0.0019655922393474,0.0044317156880264,0.014080070632722534,True,True,True,True,5.6892530010806304e-05,0.0034305706075019,-6.813845734532364e-06,0.0
argn_continued,0,20260921,gap,0,0.24086783188701943,0.2378545028298792,0.2454344996575896,0.004271688256720467,0.003918523090794,0.0046982646052861,0.11243921191001487,False,True,False,False,0.0001427955964639,0.1034871229510899,-1.5205541077553328e-05,0.0
argn_continued,0,20260921,gap,1,0.22688511638757247,0.2187493877939222,0.2358530570315472,0.013340311436548733,0.0093550958621997,0.0155806479303181,0.10116889276594614,False,True,False,False,0.0003153520702105,0.0740224244259275,0.0002471165636604,0.0
argn_continued,0,20260921,gap,pooled,0.23938101305353499,0.2365852479971167,0.2426109373970696,0.004334893723169334,0.0037124495470045,0.0054785731361639,0.13721868821346697,False,True,False,False,0.0001544210246479,0.1265691881882464,-6.813845734532364e-06,0.0
argn_continued,0,20260921,level,0,0.24086413807328255,0.2381317556250557,0.2457039926166063,0.004775706817008466,0.0046536821500477,0.0049195399931727,0.11279681671865831,False,True,False,False,0.0001427955964639,0.1038447277597333,-1.5205541077553328e-05,0.0
argn_continued,0,20260921,level,1,0.22733825814031627,0.219242305441061,0.2338795064083065,0.0141368431906512,0.0100089083510526,0.0162425079463977,0.0990814824593577,False,True,False,False,0.0002885700866129,0.0719350141193391,0.0003217990879247,0.0
argn_continued,0,20260921,level,pooled,0.2394206616432555,0.2371291095226678,0.2428935084432245,0.005265382981694767,0.005157000914246,0.00547078100691,0.13793414201559293,False,True,False,False,0.0001544210246479,0.1272846419903723,-6.813845734532364e-06,0.0
argn_continued,0,20260921,raw,0,0.2206958181468008,0.2189363573787573,0.2223720380402346,0.002426070166950367,0.0020916540062236,0.0029493340124001,0.008952088958924935,False,True,True,False,0.0,0.0,0.0,0.0
argn_continued,0,20260921,raw,1,0.21662805048684328,0.2067091316879424,0.2338924341404862,0.007916948302383634,0.0051742271135515,0.0131464441758581,0.027146468340018534,False,True,True,False,0.0,0.0,0.0,0.0
argn_continued,0,20260921,raw,pooled,0.22028772967309965,0.2176556762083836,0.2235813948421257,0.0020541520258932334,0.001374746523204,0.0025909453978913,0.010649500025220632,False,True,True,False,0.0,0.0,0.0,0.0
argn_continued,1,20260920,direct,0,0.0044142798578768,0.0026822971120438,0.0065265429375006,0.004422918473700667,0.0027229324158913,0.0065035466774929,0.0161489136572918,True,True,True,True,-2.8228751252443868e-06,0.0049363753515299,1.5217225899736946e-05,0.0
argn_continued,1,20260920,direct,1,0.009502962137091167,0.0039494881139357,0.0177732062199971,0.008696820795851667,0.0027772137243284,0.0171570661214945,0.0217637010262117,True,True,True,True,-9.327627976581446e-05,0.0040542834690595,0.000435635556949,0.0
argn_continued,1,20260920,direct,pooled,0.004334604271586333,0.0033463542426868,0.0051268194927934,0.004355919207168066,0.0032209889391032,0.0053410303742393,0.015759307845633435,True,True,True,True,-7.477316476271322e-05,0.0059345360832883,6.813845734532364e-06,0.0
argn_continued,1,20260920,gap,0,0.026775603337141365,0.0235530513483845,0.029176996267961,0.003488961751172267,0.0004766245922682,0.0067365549091807,0.03086558022532933,True,True,False,False,3.0838294848622994e-05,0.0196530419195675,0.0,0.0
argn_continued,1,20260920,gap,1,0.020108278957266468,0.0155982237447384,0.0228622686890804,0.011034789752085966,0.0084489316967688,0.0161383246802963,0.0348701965056312,True,True,False,False,-5.5533697898717954e-05,0.017160778948479,0.0001006434731632,0.0
argn_continued,1,20260920,gap,pooled,0.02548782912162557,0.0218346788491512,0.0282041430113482,0.003956757137484866,0.0019345006344652,0.0053596499151908,0.0323353797630825,True,True,False,False,3.5557831256749495e-05,0.0225106080007373,0.0,0.0
argn_continued,1,20260920,level,0,0.026645056631337732,0.0232244480468235,0.029304254617979,0.0031337408909534333,0.0017753326744306,0.0052844559401318,0.030842754386479765,True,True,False,False,0.0001158605652982,0.0196302160807179,0.0,0.0
argn_continued,1,20260920,level,1,0.15446361202767822,0.1511567615687234,0.1605501366924593,0.15906503963284557,0.1551726732651384,0.164816406021789,0.03492628548992973,False,True,False,False,-0.0005762551559743,0.0172168679327775,0.0002402492051074,0.0
argn_continued,1,20260920,level,pooled,0.02632766870271977,0.0233424354227722,0.0289576897406596,0.0159542493679036,0.0143748616451853,0.0179382198695176,0.03217866131118823,True,True,False,False,-7.111566251364991e-06,0.0223538895488431,0.0,0.0
argn_continued,1,20260920,raw,0,0.29729713270307373,0.2967942206469025,0.2978036224839194,0.002011807548404533,0.0011857561286665,0.0025432307478054,0.011212538305761766,False,True,True,False,0.0,0.0,0.0,0.0
argn_continued,1,20260920,raw,1,0.3012630268347078,0.3007282750424069,0.3016478421666833,0.16006250359913246,0.1598550060035827,0.1602643382938966,0.0177094175571522,False,True,True,False,0.0,0.0,0.0,0.0
argn_continued,1,20260920,raw,pooled,0.2976865707172491,0.297250187215139,0.2980859400522913,0.015630941639879267,0.0153937783989758,0.0160719398786023,0.0098247717623451,False,True,True,False,0.0,0.0,0.0,0.0
argn_continued,1,20260921,direct,0,0.006383368280598267,0.0046319076316772,0.0082150226112992,0.0063517413349608335,0.0048813200284338,0.007995459279697,0.0160332202856001,True,True,True,True,0.0003055180991831,0.0060742897654135,2.0958061026385075e-05,0.0
argn_continued,1,20260921,direct,1,0.014994220763056032,0.0120998281424315,0.0184062773252738,0.010935765358386133,0.0089353397778598,0.0138288347931066,0.03430154754758203,True,True,True,True,-0.004472927113501,0.0020423974382085,-0.000151706951142,0.0
argn_continued,1,20260921,direct,pooled,0.005698472433028467,0.003888534987088,0.0067023647363277,0.005770146296713766,0.0041309644956544,0.006678623272377,0.014504465311977868,True,True,True,True,-0.0007293343457469,0.0031063497196963,6.813845734532364e-06,0.0
argn_continued,1,20260921,gap,0,0.12724588595487016,0.1243444093263708,0.129011515728671,0.005539845906694333,0.0050015353639733,0.0060177991494357,0.0409107318695138,False,True,False,False,0.0007054839045168,0.0309518013493272,3.804306474926821e-05,0.0
argn_continued,1,20260921,gap,1,0.07509903456719492,0.0672717505279671,0.0812860715474617,0.0162083367749867,0.011851107293611,0.019504613650464,0.05857880181428274,False,True,False,False,-0.0045434471035264,0.0263196517049092,-0.0002732108593273,0.0
argn_continued,1,20260921,gap,pooled,0.12151397481501273,0.1182027765159021,0.1237564480164527,0.0053329840696674,0.0041299254247399,0.0065958028445851,0.04834894921611377,False,True,False,False,-0.000582909045618,0.0369508336238321,-6.813845734532364e-06,0.0
argn_continued,1,20260921,level,0,0.1285697242088185,0.1240488706401606,0.1313731474552236,0.0071130361616461675,0.0055936496580667,0.0086238908429606,0.041062904128511,False,True,False,False,0.0008168921928104,0.0311039736083244,3.804306474926821e-05,0.0
argn_continued,1,20260921,level,1,0.17226423218103218,0.1662625113545381,0.1802273111311604,0.15680820595673126,0.149953744680101,0.1606151730800956,0.06936438846213751,False,True,False,False,-0.0040042719011179,0.037105238352764,-0.000323282570719,0.0
argn_continued,1,20260921,level,pooled,0.12767683705326993,0.1225110748597677,0.1304148473538616,0.011569217995810566,0.0086327518952173,0.0132787286405663,0.0504067306279426,False,True,False,False,-0.0007015623797282,0.039008615035661,-6.813845734532364e-06,0.0
argn_continued,1,20260921,raw,0,0.24958514365697235,0.2480177381810491,0.2508744340211113,0.0019792786161598333,0.0009562977288887,0.0030936035575053,0.009958930520186466,False,True,True,False,0.0,0.0,0.0,0.0
argn_continued,1,20260921,raw,1,0.250923213579134,0.2482223388729385,0.2555851812468527,0.15953687801360514,0.156243131473541,0.1618788898499087,0.032259150109373504,False,True,True,False,0.0,0.0,0.0,0.0
argn_continued,1,20260921,raw,pooled,0.2496772398176743,0.2487601668140771,0.2505950026358164,0.015224989756263366,0.0146151941965031,0.0160931189430058,0.011398115592281599,False,True,True,False,0.0,0.0,0.0,0.0
argn_original,0,20260920,direct,0,0.006092191949263467,0.005505389370574,0.0064912095475125,0.0031305921066628662,0.0025034540779979,0.0040043751532455,0.014534096756679299,True,True,True,True,-0.0007202523405438,0.006490637916256,-0.0001869674556777,0.0
argn_original,0,20260920,direct,1,0.0110624501763529,0.0077965495068656,0.01507986473184,0.007744752027706466,0.0045060837260633,0.0126207009228521,0.029886927774639898,True,True,False,False,0.0001779474687163,0.0102040947292106,-0.0010594900769586,0.0
argn_original,0,20260920,direct,pooled,0.0052843199682308,0.0045002846846603,0.0066197756354205,0.0023601112602205667,0.0018514074071311,0.0029189361396357,0.0129565628509052,True,True,True,True,-0.0011967182311819,0.0034500878245705,-0.0001909163040128,0.0
argn_original,0,20260920,gap,0,0.09132952882609911,0.0883654462221773,0.0946742900827868,0.005029168875585,0.0039546385912276,0.0057190229965322,0.028655132128742797,False,True,False,False,-0.0004926977053123,0.0206116732883195,-0.0001514173579864,0.0
argn_original,0,20260920,gap,1,0.0933167231646712,0.0862665074051838,0.0979070128690512,0.013149502256161634,0.0068154026122407,0.0173748882843773,0.04701496175739706,False,True,False,False,-0.0005419028709632,0.0273321287119677,-0.0004905244203353,0.0
argn_original,0,20260920,gap,pooled,0.09153109735297706,0.0891735292813095,0.0937789378962607,0.0037395149883554996,0.0034383708904357,0.004113615772441,0.03936630205847347,False,True,False,False,-0.0010587581145366,0.0298598270321388,-0.0001841024582783,0.0
argn_original,0,20260920,level,0,0.09129798180602756,0.0883901260577101,0.0951004250492499,0.004281980148116267,0.0037521781949824,0.004703830100346,0.028606995273867068,False,True,False,False,-0.0004466073783184,0.0205635364334438,-0.0001514173579864,0.0
argn_original,0,20260920,level,1,0.09267669247719114,0.0866941061749291,0.0975084128851303,0.012882486196136867,0.0096551520961816,0.0164313641048809,0.046151249738411136,False,True,False,False,0.0001047406570862,0.0264684166929818,-0.0007875293435813,0.0
argn_original,0,20260920,level,pooled,0.09143059190149228,0.0889784620039539,0.0941987327380999,0.003218070120955,0.0025652498880551,0.0036152378714984,0.03941938086093713,False,True,False,False,-0.0010658696807879,0.0299129058346024,-0.0001841024582783,0.0
argn_original,0,20260920,raw,0,0.2527271387875116,0.2505814189182863,0.2547031354888253,0.0025504807210869336,0.0016358244053805,0.0030120865271857,0.008043458840423233,False,True,True,False,0.0,0.0,0.0,0.0
argn_original,0,20260920,raw,1,0.25101288765489543,0.2425175629459809,0.2589363639242804,0.010291963249003767,0.0070795173432534,0.015819464626946,0.019682833045429265,False,True,True,False,0.0,0.0,0.0,0.0
argn_original,0,20260920,raw,pooled,0.25255616168425316,0.249731952324366,0.2543960846189455,0.0021526488078914,0.0009445429925102,0.003007883487999,0.009506475026334633,False,True,True,False,0.0,0.0,0.0,0.0
argn_original,0,20260921,direct,0,0.006216323440513167,0.005421693538397,0.0072960333038935,0.004162355389009667,0.0036308256672764,0.0048748593586873,0.014285804023098467,True,True,True,True,-0.0020122988182657,0.0040208642565041,-2.594789008321819e-05,0.0
argn_original,0,20260921,direct,1,0.011318852447646799,0.0107086670274092,0.0117203617845187,0.010540172945463068,0.0085632310526769,0.0118091131137977,0.031817513947863564,True,True,False,False,-0.0007873658095996,0.0119315437697014,-0.0009764983822119,0.0
argn_original,0,20260921,direct,pooled,0.005271329157089134,0.004059298646488,0.0070317954566168,0.0033543474090241333,0.0027810493143669,0.004420226418224,0.018641094978752666,True,True,False,False,-0.0025172594521847,0.0108529037227865,-0.0001710645746445,0.0
argn_original,0,20260921,gap,0,0.07975050412286523,0.0772017990816096,0.0836604763016748,0.0048078839871717,0.0023421027586348,0.0067580308792415,0.04733809539753153,False,True,False,False,-0.002125414428589,0.0370731556309371,-2.594789008321819e-05,0.0
argn_original,0,20260921,gap,1,0.07475170714035793,0.0605106460251196,0.0882534278884089,0.012995459092447032,0.0103884110544746,0.0143204160819609,0.044880930087039604,False,True,False,False,-0.0001481927348634,0.0249949599088775,-0.0009764983822119,0.0
argn_original,0,20260921,gap,pooled,0.07922147673615464,0.0770318708009993,0.0811987938722955,0.004115444504170834,0.0023704097370913,0.0066069353640286,0.058991050819060364,False,True,False,False,-0.0026097098134522,0.0512028595630941,-0.0001710645746445,0.0
argn_original,0,20260921,level,0,0.07950977750416872,0.0774166675044292,0.0834599278381849,0.0036756705923860003,0.0012973801801514,0.005637691233028,0.047155488686734935,False,True,False,False,-0.002196883839681,0.0368905489201405,-2.594789008321819e-05,0.0
argn_original,0,20260921,level,1,0.07436726422519803,0.0633132497539008,0.0879022652065476,0.012942995004186832,0.0116987646664527,0.0137360593719919,0.04537859689363696,False,True,False,False,-0.0002034904281617,0.0254926267154749,-0.0009764983822119,0.0
argn_original,0,20260921,level,pooled,0.07896474662687668,0.0768399392209293,0.0813176029223934,0.0032656186592709,0.0016975778448095,0.0055796797132353,0.058439129314563194,False,True,False,False,-0.0026310445122063,0.050650938058597,-0.0001710645746445,0.0
argn_original,0,20260921,raw,0,0.28048886255162636,0.2790576384431903,0.2816896156789941,0.0013423398119179334,0.0008332619140674,0.0016541316119245,0.0102649397665944,False,True,True,False,0.0,0.0,0.0,0.0
argn_original,0,20260921,raw,1,0.2775678574392999,0.2756343148010962,0.2789460974256095,0.0089830447570738,0.0065773007239097,0.0104359489635006,0.019885970178162033,False,True,True,False,0.0,0.0,0.0,0.0
argn_original,0,20260921,raw,pooled,0.28020208814951897,0.2789740298549218,0.2814249442996812,0.0012717955077637332,0.0009043478744834,0.0019987025199639,0.007788191255966167,False,True,True,False,0.0,0.0,0.0,0.0
argn_original,1,20260920,direct,0,0.004185767557128233,0.0024853322829324,0.0071829874657774,0.0039611361633179335,0.0018521240429816,0.0074110897646872,0.012396465140604168,True,True,True,True,-0.0005979659304257,0.0030399707390733,-0.000273780354419,0.0
argn_original,1,20260920,direct,1,0.012444457816916332,0.007968978027272,0.0161776650877313,0.011031756644543833,0.0090054735856948,0.0150313484811242,0.029175714453231135,True,True,True,True,0.0053602317942783,0.0032703711565607,0.0017151311327949,0.0
argn_original,1,20260920,direct,pooled,0.0051447105487144665,0.0041172291246602,0.0068211035647631,0.004305291997826567,0.0023353671649292,0.0062701936322732,0.011721185055288068,True,True,True,True,-0.0011365413423794,0.0014987090997225,-0.0001949141349482,0.0
argn_original,1,20260920,gap,0,0.004257680250102667,0.0023677345758128,0.0072931021659572,0.004112102076131167,0.0021403263128443,0.0076979946032003,0.012959701960858,True,True,True,True,-0.0005979659304257,0.0036032075593272,-0.000273780354419,0.0
argn_original,1,20260920,gap,1,0.012506650137933834,0.0098833371446799,0.0145104292937097,0.010855394243942065,0.0081981242098507,0.0136129203500143,0.0299120469720657,True,True,True,True,0.0049658363371272,0.0040067036753952,0.0017151311327949,0.0
argn_original,1,20260920,gap,pooled,0.0053126122655477335,0.0041337411508067,0.0073574701631862,0.004351844380829367,0.0024174063936327,0.0066599213087221,0.013066429693619734,True,True,True,True,-0.0011365413423794,0.0028439537380541,-0.0001949141349482,0.0
argn_original,1,20260920,level,0,0.0040490372106062,0.0019055606686423,0.0067601982775417,0.0037306146948977333,0.0018192855696546,0.0064423673642812,0.012897186932312501,True,True,True,True,-0.0005900248847488,0.0035406925307817,-0.000273780354419,0.0
argn_original,1,20260920,level,1,0.16421352559155925,0.1580313409160989,0.1749381883472053,0.16376368236381922,0.156676490146002,0.1738425809623956,0.02784983087046013,False,True,True,False,0.0047677785533252,0.0019444875737897,0.0017151311327949,0.0
argn_original,1,20260920,level,pooled,0.016712318804168066,0.014888350940982,0.0193248933102826,0.016413507952050366,0.0150804125372147,0.0188248535092525,0.012993322626315732,True,True,True,True,-0.0011365413423794,0.0027708466707501,-0.0001949141349482,0.0
argn_original,1,20260920,raw,0,0.3018671041177507,0.3009320504375799,0.3026604440418036,0.0021636819098427,0.0020939511367975,0.0022391057095334,0.0093564944015308,False,True,True,False,0.0,0.0,0.0,0.0
argn_original,1,20260920,raw,1,0.30381429608940613,0.3025046872516827,0.3055263847524521,0.16136877808448494,0.1590425415254466,0.1628106791755773,0.025905343296670397,False,True,True,False,0.0,0.0,0.0,0.0
argn_original,1,20260920,raw,pooled,0.30203803976635296,0.3011493964308327,0.3026119914382211,0.016558807394518732,0.0161919367811766,0.0168945647620546,0.010222475955565566,False,True,True,False,0.0,0.0,0.0,0.0
argn_original,1,20260921,direct,0,0.005847082892909066,0.003097299098436,0.0097730993131237,0.006341710963433167,0.0034154055282304,0.0105977594608982,0.013837823828683466,True,True,True,True,-0.0023834045851707,0.0047776800918103,-0.0001208570893519,0.0
argn_original,1,20260921,direct,1,0.009408984967021767,0.0072082083311156,0.0116442744300439,0.009428989467276066,0.0082104520113373,0.0116972012642134,0.027551750838896966,True,True,True,True,0.0050991834749142,0.0005341954868619,0.0012305073069445,0.0
argn_original,1,20260921,direct,pooled,0.0052481324112016335,0.0037511098830352,0.0077722301266515,0.0052151964138754,0.0030465688748449,0.0086777078030045,0.0146254879343709,True,True,True,True,-0.0017892477941832,0.0046955828631075,-0.0001661531767932,0.0
argn_original,1,20260921,gap,0,0.025900314552119667,0.0250121923093916,0.026731071098639,0.0049220557684131,0.0030851499459804,0.0077601766584434,0.029631403222775066,True,True,False,False,-0.0026301434292949,0.0205712594859019,-0.0001388189159798,0.0
argn_original,1,20260921,gap,1,0.017987431055554035,0.0154906635049401,0.0221487811829773,0.012433344387971732,0.0087596010535574,0.0144998032707088,0.03776162948417044,True,True,False,False,0.0052579873396966,0.0107440741321354,0.00135317799935,0.0
argn_original,1,20260921,gap,pooled,0.0244132630544177,0.023869992261192,0.0250018623006662,0.0048600731845338,0.0035109273022203,0.0062285473364392,0.027416488246682535,True,True,False,False,-0.0023684105283239,0.0174865831754192,-0.0001593393310587,0.0
argn_original,1,20260921,level,0,0.025915307235451032,0.024833585560184,0.027239021590118,0.0048970378226658,0.0042036181364728,0.0061570296570926,0.0296618376745745,True,True,False,False,-0.0027333770230945,0.0206016939377014,-0.0001388189159798,0.0
argn_original,1,20260921,level,1,0.1579992018331293,0.1531324733200864,0.1613762894552922,0.16343790156347413,0.1590005915675436,0.1665801170886722,0.0407901012693695,False,True,False,False,0.0043186300288767,0.0137725459173344,0.00135317799935,0.0
argn_original,1,20260921,level,pooled,0.0263421047023093,0.0251314579657212,0.0269947437806886,0.01595576701825033,0.0128126879345653,0.0212368945094011,0.0280092928255869,True,True,False,False,-0.0024208704197368,0.0180793877543235,-0.0001593393310587,0.0
argn_original,1,20260921,raw,0,0.29255294731019216,0.291009740165899,0.2939016612009474,0.002166624929235633,0.0018947999038709,0.0026823656749397,0.009060143736873099,False,True,True,False,0.0,0.0,0.0,0.0
argn_original,1,20260921,raw,1,0.2946478869356912,0.2942763262325359,0.2949738098089389,0.16126276951967464,0.1606149371314279,0.1624035169776806,0.027017555352035,False,True,True,False,0.0,0.0,0.0,0.0
argn_original,1,20260921,raw,pooled,0.2927423430299932,0.2913197657488722,0.2939787694024268,0.016574296669821,0.0159146500943573,0.0171391520598627,0.009929905071263366,False,True,True,False,0.0,0.0,0.0,0.0
