family,kappa,variant,group,entities,events,gap_conditioned_mark_tv,transition_conditioned_mark_tv,short_gap_repeat_curve_l1,gap_repeat_mi_error,gap_lag1_acf_error,amount_lag1_acf_error,gap_ks,gap_scaled_w1,gap_zero_rate_error,mark_sparse_tv,amount_ks,amount_scaled_w1,length_scaled_w1,repeat_level_reference_weighted,reference_repeat_level,null_centered_shape_l1
U,0,direct,0,1834.0,43810.0,0.016926325178064788,0.047552096059747105,0.007485831557787987,6.57552859763366e-05,0.016607178653855754,0.0033068684575072865,0.022712196852716277,0.0520508414250497,0.0,0.008787922639972764,0.0417064888096516,0.07097806511903888,0.015980419726708005,0.31833722721591245,0.3121599775075561,0.005380694427402647
U,0,direct,1,214.0,5110.0,0.05041547402577171,0.12510553233320162,0.014265159611451634,0.00026334540878629025,0.015289144952189521,0.009187150978646183,0.027561381982668127,0.052855060720077424,0.0,0.029587105900919508,0.04377580207872609,0.07212362109507324,0.03596270269496643,0.3184214900628705,0.31017932137857473,0.010439639290386576
U,0,direct,pooled,2048.0,48920.0,0.01622530083854787,0.04506806410133966,0.007540398795379102,5.999625202586913e-05,0.016257769419164087,0.002931016360919256,0.022235690327064583,0.051835025844645714,0.0,0.009301764937213087,0.04170497864225531,0.07103745001608079,0.015150947804831305,0.3183406910878687,0.3119710563295204,0.004809127511198482
U,0,gap,0,1834.0,43810.0,0.01825774732070107,0.049750365883697044,0.009989603838935228,6.061394743756131e-05,0.017315741977135,0.003391852624367759,0.0225281755244217,0.05198253731954535,0.0,0.011626716154635501,0.04181939258379989,0.07091351325036031,0.015980419726708005,0.3211997419038089,0.3121599775075561,0.005135147858239898
U,0,gap,1,214.0,5110.0,0.05504923305752,0.12724316997632804,0.01718838110217948,0.0005990219886848075,0.011598720139057606,0.009125177889216919,0.028400160486759123,0.053415268735873295,0.0,0.03906151878135053,0.04356851452783866,0.07231357301650242,0.03596270269496643,0.3116313406309253,0.31017932137857473,0.012831069162981913
U,0,gap,pooled,2048.0,48920.0,0.017387288323899453,0.04762955690369675,0.009463406749418375,4.9101744665065e-05,0.01672874114645473,0.0030044383410515936,0.02227679344450952,0.05179550273907014,0.0,0.011866524317961391,0.04172332004257052,0.07099275531516602,0.015150947804831305,0.3202221914410521,0.3119710563295204,0.004737127477616148
U,0,level,0,1834.0,43810.0,0.01815181224132621,0.04968552298828157,0.00993009719138064,5.8161961975283415e-05,0.017270779169839275,0.0033893909949123946,0.022512293433067904,0.051985406892355764,0.0,0.011448365204692841,0.041823196890274826,0.070914457408699,0.015980419726708005,0.32106988176479634,0.3121599775075561,0.005150071706231463
U,0,level,1,214.0,5110.0,0.05447809492018376,0.12703897700060426,0.017040394805443105,0.0005513857107270145,0.01149697562413371,0.00914310564744302,0.028400160486759116,0.053435033822721655,0.0,0.038767976706986534,0.04354918758064872,0.07230070190485892,0.03596270269496643,0.3114373502000578,0.31017932137857473,0.012838841000409931
U,0,level,pooled,2048.0,48920.0,0.01741721599087771,0.04757187097000434,0.009413223778315272,4.7143068606614204e-05,0.01668176554073046,0.0029970863293045853,0.022291016577012223,0.05180004490248377,0.0,0.011951697389643046,0.041733540811172316,0.07099256251123498,0.015150947804831305,0.32008703273609723,0.3119710563295204,0.004861558197727019
U,0,raw,0,1834.0,43810.0,0.018169339080875268,0.049670821801233965,0.010728110639208933,5.871414734589567e-05,0.017299495581463042,0.0033984404791941344,0.022512293433067904,0.05199053359554565,0.0,0.011423967244770336,0.04182700119674976,0.07090089647105889,0.015980419726708005,0.32171680229181265,0.3121599775075561,0.005137013425221005
U,0,raw,1,214.0,5110.0,0.05444048575796557,0.12688053073483035,0.018007815299644014,0.0005477024403501583,0.01148561274817296,0.009131067229315679,0.028400160486759123,0.0534328167537546,0.0,0.03877534411591965,0.043549187580648734,0.07229682690276196,0.03596270269496643,0.314319166156656,0.31017932137857473,0.012684851747674452
U,0,raw,pooled,2048.0,48920.0,0.017397922860143567,0.047639564770091014,0.010370908863878413,4.695066213456771e-05,0.016713856057978753,0.0029870501752830678,0.022283905010760868,0.0518024361359748,0.0,0.01176624903522242,0.04173694773403958,0.07098056861309905,0.015150947804831305,0.3209643371936511,0.3119710563295204,0.004827762487441962
U,1,direct,0,1834.0,43810.0,0.01733685863069219,0.04690429846098972,0.005183624036137531,4.607982553176737e-05,0.00723944771851022,0.003342655396462101,0.024145736834306653,0.0522680484654571,0.0,0.009629952372731485,0.04054811575839056,0.07032721093950749,0.015980419726708005,0.31782096033445845,0.3174738173894708,0.004352872349166227
U,1,direct,1,214.0,5110.0,0.060340549188993266,0.11690545579497076,0.011074876390563775,0.0051948695040561306,0.010298457817124967,0.017358813343922596,0.032759408268933136,0.05810042465096091,0.0,0.043135920944035094,0.054338128733136516,0.07907949140290614,0.03596270269496643,0.32417128302668435,0.32024531697886804,0.010940900531711753
U,1,direct,pooled,2048.0,48920.0,0.016535085046346796,0.04525107177221508,0.004516931677619238,8.295188749597379e-05,0.007009475096120256,0.0030620639510203344,0.02403496155850235,0.052374500043067866,0.0,0.010225112341785312,0.04153104889523895,0.0711155249513842,0.015150947804831305,0.3181856945761208,0.317738171690903,0.004457547849842751
U,1,gap,0,1834.0,43810.0,0.018331501166606288,0.04831584382807208,0.008074367123597659,0.00013638274469375612,0.007717002834406926,0.0033798083148274785,0.02418588212176273,0.05227331703970497,0.0,0.011972295461927322,0.0404286483172637,0.07036672664891308,0.015980419726708005,0.3187178218243086,0.3174738173894708,0.006473465841685569
U,1,gap,1,214.0,5110.0,0.06115753432446625,0.1244786570824581,0.027879864354845685,0.02049518200971278,0.01221501159799056,0.017207265189315583,0.033013058751784036,0.058135721694522934,0.0,0.04237048132599358,0.054176341599749496,0.07907562151576014,0.03596270269496643,0.3014215476972799,0.32024531697886804,0.02299201282746872
U,1,gap,pooled,2048.0,48920.0,0.017731222958063866,0.04559939995161852,0.006901961564065533,0.0004044613333169292,0.007277325142985379,0.0030651005842024797,0.02419078182589735,0.05240341460211381,0.0,0.012207409851243635,0.041439674288533374,0.0711446088077525,0.015150947804831305,0.3166458436482883,0.317738171690903,0.005386676796025014
U,1,level,0,1834.0,43810.0,0.018317164855986584,0.04832587567735997,0.008282555212170228,0.00014809997410111003,0.00778718897025409,0.003377618810719608,0.02417794107608583,0.0522624601345495,0.0,0.01187007661203361,0.04041284290406597,0.07036984460286026,0.015980419726708005,0.31887522510998484,0.3174738173894708,0.006899778331432733
U,1,level,1,214.0,5110.0,0.06017814428782505,0.12517563707726398,0.03552280353765659,0.026958883893582614,0.011983111793256536,0.017440797380744975,0.03274072759709994,0.05787680267434706,0.0,0.04204113981150267,0.05428691940713027,0.07898511579243897,0.03596270269496643,0.3000254649752955,0.32024531697886804,0.02896398470789417
U,1,level,pooled,2048.0,48920.0,0.017703327842766733,0.04570659564923246,0.006873149822236777,0.00035502240089859896,0.007311058264395674,0.0030751291579197595,0.024151668211514942,0.052366429246432145,0.0,0.012268734462854437,0.04143377841064611,0.07113922949558192,0.015150947804831305,0.316671433452788,0.317738171690903,0.005497654827737271
U,1,raw,0,1834.0,43810.0,0.01824986549070095,0.04845758249764348,0.008163373911177276,0.00013314287737354913,0.0075191035216509135,0.003364689557737725,0.024223851952304087,0.052315960719545,0.0,0.011734925090237401,0.0404151983694667,0.07036771564504714,0.015980419726708005,0.31422032836543995,0.3174738173894708,0.006550209945365658
U,1,raw,1,214.0,5110.0,0.06056399491279263,0.12484711723644022,0.03375144702860421,0.02650474771197879,0.012427576509273966,0.017390331918976997,0.03260456201975787,0.0578677176328811,0.0,0.04218961727060668,0.05425430362108983,0.07898474097963869,0.03596270269496643,0.3027422279421808,0.32024531697886804,0.028100653363954314
U,1,raw,pooled,2048.0,48920.0,0.017852183680734577,0.0458938765686332,0.00782811671331155,0.0003347705573621463,0.007167222967078416,0.0030888738592555576,0.02418722604277169,0.05242585620118459,0.0,0.012353426795065103,0.04143626736566611,0.07113661945295068,0.015150947804831305,0.31278766708684425,0.317738171690903,0.005351067149159553
argn_continued,0,direct,0,1834.0,43810.0,0.02139645343737237,0.06146084519027001,0.0059080028164148896,2.607755903488386e-05,0.01565745880690368,0.0055461722198932445,0.005599195025906283,0.03348115913680011,7.941045676894734e-06,0.01559047519900876,0.005375194465998138,0.012026779794211443,0.015980419726708005,0.3173936486032322,0.3121599775075561,0.003702823028465821
argn_continued,0,direct,1,214.0,5110.0,0.046938047130973354,0.1299852584687151,0.011912992507863221,0.0003591739921849309,0.017213678593793715,0.008743467820853787,0.01717619923740743,0.046139701111070186,0.0,0.028479798506366182,0.013098598850500886,0.02258425022103068,0.03596270269496643,0.3131997338558043,0.31017932137857473,0.009473093577691558
argn_continued,0,direct,pooled,2048.0,48920.0,0.0188482679049915,0.059601284312661436,0.005383218621610758,2.1123310065843803e-05,0.015811218927053446,0.004102927856534397,0.005619079512232099,0.03314573129461948,7.111566251351198e-06,0.013206971671269767,0.005356616367558871,0.01166019531970377,0.015150947804831305,0.31697577899726825,0.3119710563295204,0.0030089013038800197
argn_continued,0,gap,0,1834.0,43810.0,0.07567016190803029,0.1251757516179516,0.16712070422963757,7.060281804977764e-05,0.015877230383884538,0.005558406195127245,0.005635193298034802,0.03352613287671192,0.0,0.07097201175598274,0.0054062541070324195,0.012048026657273897,0.015980419726708005,0.4792806817371937,0.3121599775075561,0.005280364239230076
argn_continued,0,gap,1,214.0,5110.0,0.08474110824467192,0.17017508296311046,0.15977123037855817,0.0002901327815495863,0.016284096924782134,0.009869213574632362,0.016300910367776516,0.042619973810407503,0.0,0.0742592899567965,0.013267907575021526,0.02245927872205468,0.03596270269496643,0.4699505517571329,0.31017932137857473,0.013955498418069553
argn_continued,0,gap,pooled,2048.0,48920.0,0.09359709045172308,0.1246915170828395,0.16634165091122521,5.379835578403477e-05,0.015909115054132266,0.004005142730486948,0.005714068940184447,0.03290448925348181,0.0,0.08894907427513758,0.005360023290426137,0.0116371910853202,0.015150947804831305,0.47831270724074565,0.3119710563295204,0.004606050812041074
argn_continued,0,level,0,1834.0,43810.0,0.07561087452686108,0.12529032065011933,0.16694673012008562,5.836703879795237e-05,0.015988487105475676,0.005571771786101777,0.005635193298034802,0.0334400006678732,0.0,0.07083269482570743,0.0054062541070324195,0.012047796806428394,0.015980419726708005,0.4791067076276416,0.3121599775075561,0.004981432494137309
argn_continued,0,level,1,214.0,5110.0,0.08411334294745086,0.17040136433026656,0.16050121158677386,0.00026523976199789085,0.01648013660996319,0.009736491184019785,0.016061558586726043,0.04243820666506384,0.0,0.07363173923106085,0.01330524883715368,0.022466517575893203,0.03596270269496643,0.47068053296534856,0.31017932137857473,0.01455883008478448
argn_continued,0,level,pooled,2048.0,48920.0,0.09370112097479856,0.12467010860058143,0.16625424696527655,4.677259687168707e-05,0.016026662049500064,0.0040305267622495365,0.005710513157058765,0.03286946162400821,0.0,0.08902061965535017,0.005360023290426137,0.011639328257275242,0.015150947804831305,0.4782253032947969,0.3119710563295204,0.004656576081225772
argn_continued,0,raw,0,1834.0,43810.0,0.016288453188342242,0.13910966860984686,0.23587595061432623,3.91231203101553e-05,0.015773238779909673,0.00550240809514434,0.0055439428856105715,0.03273751430846982,0.0,0.009082591535851331,0.005413856877571195,0.012117991088882986,0.015980419726708005,0.07628402689322979,0.3121599775075561,0.002604596305652874
argn_continued,0,raw,1,214.0,5110.0,0.046433558513372226,0.18787474591591177,0.23267524137130668,0.00028376985184922523,0.015829282686580005,0.009636676517311213,0.016061454200075858,0.0434610790290591,0.0,0.0255190168742834,0.012940949634008955,0.022107478125082004,0.03596270269496643,0.07750408000726805,0.31017932137857473,0.008586744373018719
argn_continued,0,raw,pooled,2048.0,48920.0,0.015926827872949464,0.13737817099078134,0.23556497745023763,3.116848375889235e-05,0.01578150866323058,0.0039812892381713965,0.005558631199095609,0.0321765157163219,0.0,0.0096580814435788,0.0053634302132934035,0.01165027397664545,0.015150947804831305,0.07640607887928273,0.3119710563295204,0.002139573479047914
argn_continued,1,direct,0,1834.0,43810.0,0.02165767085378463,0.05529849494049807,0.005398824069237563,4.7462951961423326e-05,0.02458349607316225,0.006043816676544204,0.0056838094435355075,0.03209819813857433,0.0,0.016091066971445984,0.0054008161291713526,0.011821403394017993,0.015980419726708005,0.3172925220719482,0.3174738173894708,0.005387329904330784
argn_continued,1,direct,1,214.0,5110.0,0.05033969298932378,0.11931969635702618,0.012248591450073641,0.0035153915362552135,0.01874659889937537,0.014293701138377982,0.018682081052984262,0.04178111374290022,0.0,0.02803262428689692,0.020621110910257544,0.03160845554885945,0.03596270269496643,0.31393546651585097,0.32024531697886804,0.009816293077118935
argn_continued,1,direct,pooled,2048.0,48920.0,0.01967672191206877,0.0542357966587346,0.005016538352307433,0.0001266334639853569,0.023953505333677034,0.004005211451207336,0.005825397954775287,0.031894546793836874,0.0,0.015131886578805704,0.005302331792945925,0.01244843034204949,0.015150947804831305,0.3165155110271737,0.317738171690903,0.0050630327519409725
argn_continued,1,gap,0,1834.0,43810.0,0.03832297415287075,0.07665685794596479,0.07701074464600581,3.051824356356126e-05,0.02459745028666323,0.00611214582173437,0.005900622931189319,0.03235612625025567,0.0,0.03588815604742162,0.005401750018082925,0.01187454368395567,0.015980419726708005,0.3944845620354765,0.3174738173894708,0.004514403828933333
argn_continued,1,gap,1,214.0,5110.0,0.06479057423010019,0.1296353456775575,0.047603656762230745,0.010875556647050663,0.024258415971996943,0.014772265646866678,0.01866569234890514,0.04195421041892674,0.0,0.04672449915995702,0.020392862914271975,0.03162120796679838,0.03596270269496643,0.36726647119077466,0.32024531697886804,0.013621563263536371
argn_continued,1,gap,pooled,2048.0,48920.0,0.043540249678712534,0.07767292622848125,0.07350090196831922,0.00015090762953808273,0.024554382016080695,0.004020926674418653,0.005953776102849463,0.03215013838265498,0.0,0.040342164489598174,0.005292111024344126,0.012488669668935838,0.015150947804831305,0.39123907365922217,0.317738171690903,0.004644870603576189
argn_continued,1,level,0,1834.0,43810.0,0.03846177616946716,0.0767791533634402,0.07760739042007815,5.577897723236702e-05,0.024659107713210407,0.0061135554091600154,0.005998838210560936,0.032312540044514275,0.0,0.035952829257495426,0.005401750018082925,0.01187215136301766,0.015980419726708005,0.39508120780954886,0.3174738173894708,0.005123388526299853
argn_continued,1,level,1,214.0,5110.0,0.07027903792868499,0.1640329872652804,0.16336392210435527,0.08056747928637491,0.022998911910347742,0.014989001770112344,0.018674919221071534,0.04266319826121992,0.0,0.05214533697603366,0.020437629924548246,0.03179127625801417,0.03596270269496643,0.39091028044421877,0.32024531697886804,0.15793662279478846
argn_continued,1,level,pooled,2048.0,48920.0,0.04442340809043246,0.07876736307682163,0.07700225287799489,0.0006914627787741775,0.024471122127946957,0.004000345610763453,0.005873114737040293,0.031955795842730395,0.0,0.04129269596956547,0.005292111024344126,0.012492237185865526,0.015150947804831305,0.39463446753995507,0.317738171690903,0.013761733681857133
argn_continued,1,raw,0,1834.0,43810.0,0.01693629596736416,0.165037027715811,0.273441138180023,3.64831505165105e-05,0.025846551304962273,0.006195484279460842,0.005532461831506574,0.031241961925071324,0.0,0.010585734412974203,0.005382728485708292,0.011817216091577959,0.015980419726708005,0.04403267920944767,0.3174738173894708,0.0019955430822822333
argn_continued,1,raw,1,214.0,5110.0,0.047223564816305075,0.2043986894545419,0.2760931202069209,0.08068997345806557,0.0261876037751745,0.014193692006178803,0.0209651827496177,0.0471416401612851,0.0,0.02498428383326286,0.020479146607354032,0.03200282666829489,0.03596270269496643,0.04423867560052949,0.32024531697886804,0.15979969080636883
argn_continued,1,raw,pooled,2048.0,48920.0,0.016321056022744185,0.15979594967870017,0.27368190526746167,0.0007103309871967575,0.02584843935942562,0.0041479406736725745,0.0062274517100301225,0.03207520640833917,0.0,0.010611443677313393,0.005295517947211392,0.012484398391988656,0.015150947804831305,0.04405626642344127,0.317738171690903,0.015427965698071373
argn_original,0,direct,0,1834.0,43810.0,0.01964702614198189,0.05786786040237995,0.006154257694888351,2.8743040335166592e-05,0.015509256507515563,0.005395189436612731,0.006319762842588168,0.036413357257972456,7.941045676894734e-06,0.01440995038988893,0.005383113726095031,0.012034626650303434,0.015980419726708005,0.31749529007597704,0.3121599775075561,0.0036464737478363
argn_original,0,direct,1,214.0,5110.0,0.04864808960749894,0.1284473404748431,0.0111906513119999,0.00019078228253132916,0.016148461075678598,0.008669865773575466,0.01366797496724619,0.04022260558314195,3.4041394335511986e-05,0.030852220861251767,0.01273887094124733,0.02214207487025506,0.03596270269496643,0.3117010790867866,0.31017932137857473,0.00914246248658483
argn_original,0,direct,pooled,2048.0,48920.0,0.020795785707695084,0.056312430690605465,0.005277824562660038,2.0621533666874175e-05,0.015366808924733218,0.0039795878305947845,0.005803751293259061,0.03459696901621861,1.0667349377026797e-05,0.01579882891482898,0.005346395598957073,0.011614073073908214,0.015150947804831305,0.3168888353806263,0.3119710563295204,0.0028572293346224016
argn_original,0,gap,0,1834.0,43810.0,0.041139599664805994,0.08594451656028168,0.08554001647448221,5.223101658081104e-05,0.014788929985272342,0.005502587651386071,0.006376982355042267,0.036429328967345645,3.970522838447367e-06,0.03799661376313721,0.00540088877494066,0.012056038377560427,0.015980419726708005,0.39769999398203826,0.3121599775075561,0.004918526431378423
argn_original,0,gap,1,214.0,5110.0,0.05905911272002337,0.14435408156194426,0.08403421515251462,0.0003317014441096457,0.018570066603170152,0.009120963431078162,0.013627636334774504,0.04038108802039821,3.4041394335511986e-05,0.045947945922218354,0.013023353769558951,0.022068223031800217,0.03596270269496643,0.3942135365310894,0.31017932137857473,0.01307248067430438
argn_original,0,gap,pooled,2048.0,48920.0,0.05209518090763021,0.08367100883217654,0.0853762870445659,3.6916234684000684e-05,0.015049271197530968,0.004033640201599132,0.005826506170947913,0.034887869994990404,7.111566251351198e-06,0.049178676438766965,0.005349802521824339,0.011614307966534135,0.015150947804831305,0.3973473433740862,0.3119710563295204,0.003927479746263211
argn_original,0,level,0,1834.0,43810.0,0.04113692314043054,0.08581838365735085,0.08540387965509817,3.283326260614998e-05,0.014576937453357362,0.00551571093792507,0.006364292812993204,0.03647087749446729,3.970522838447367e-06,0.03788124198030105,0.00540088877494066,0.012054054581995294,0.015980419726708005,0.39756385716265424,0.3121599775075561,0.0039788253702512
argn_original,0,level,1,214.0,5110.0,0.05874850753112209,0.14371770201326847,0.08352197835119463,0.0002225111131161239,0.018892478677846644,0.009143079736547285,0.013923309252150093,0.04020647162423805,3.4041394335511986e-05,0.0457649233160241,0.012874851307935947,0.022001966596606973,0.03596270269496643,0.39370129972976936,0.31017932137857473,0.012912740600161893
argn_original,0,level,pooled,2048.0,48920.0,0.05181538529750713,0.08367241348561057,0.08519766926418453,2.218685500506975e-05,0.01488613470282974,0.004042661679767148,0.005812283038445211,0.03494930008837188,7.111566251351198e-06,0.04892925508775022,0.005349802521824339,0.011611819177240077,0.015150947804831305,0.3971687255937049,0.3119710563295204,0.0032418443901130046
argn_original,0,raw,0,1834.0,43810.0,0.01641230500113733,0.16011661671890767,0.26660800066956897,1.8244552380248286e-05,0.014776685791209838,0.003889377808449282,0.007686038421992947,0.03956577359228702,2.38231370306842e-05,0.00915419930350886,0.005489571398975508,0.01286692266275931,0.015980419726708005,0.04555197683798706,0.3121599775075561,0.0019464102665024804
argn_original,0,raw,1,214.0,5110.0,0.042009790613814574,0.2016059655186505,0.2642903725470977,0.00028512353112230773,0.019216845280050635,0.01377483815742484,0.013972684137687824,0.05155413387678184,0.0,0.019784401611795704,0.013756865170832633,0.023841512824063996,0.03596270269496643,0.045888948831477046,0.31017932137857473,0.00963750400303883
argn_original,0,raw,pooled,2048.0,48920.0,0.015291853851986467,0.15758284987228197,0.2663791249168861,1.4522011637588516e-05,0.015189228377487951,0.00461887580929428,0.00766074013494238,0.039221338542326574,2.1334698754053594e-05,0.008647333141150465,0.005527386038285805,0.012529884159704333,0.015150947804831305,0.04559193141263426,0.3119710563295204,0.0017122221578276039
argn_original,1,direct,0,1834.0,43810.0,0.018838665519298126,0.04916723663542203,0.005016425225018699,4.582667176189203e-05,0.024576310736268286,0.005844860270238989,0.0058502555917118405,0.03058448490947112,1.9852614192236833e-05,0.013117144484643841,0.005377115414887039,0.011845879529811266,0.015980419726708005,0.3156922522235089,0.3174738173894708,0.005151423563375601
argn_original,1,direct,1,214.0,5110.0,0.05149441606341717,0.11407652062603046,0.010926721391969103,0.003804146900133409,0.025293999826519423,0.01446269629193038,0.021280741323853648,0.04450532213883857,3.4041394335511986e-05,0.028363732646064076,0.020388775002414827,0.03155851082127047,0.03596270269496643,0.3168477520000021,0.32024531697886804,0.010230373055910008
argn_original,1,direct,pooled,2048.0,48920.0,0.018185282694927207,0.047631917500041414,0.005196421479958078,0.00017845838576182804,0.024649995262171234,0.0038184443233608666,0.006159703585827274,0.03082006827901884,2.1334698754053594e-05,0.013173336494829537,0.005278483332875061,0.012592969505275421,0.015150947804831305,0.31537036684684094,0.317738171690903,0.0047602442058510335
argn_original,1,gap,0,1834.0,43810.0,0.025752249443588157,0.05371104532134913,0.015078997401111216,3.7639542591399636e-05,0.024994040134452066,0.0059701197670866575,0.005726886169649767,0.030096995139002675,2.38231370306842e-05,0.021295552591816574,0.005368134501573067,0.01182023158536588,0.015980419726708005,0.32969247943686014,0.3174738173894708,0.004517078922272185
argn_original,1,gap,1,214.0,5110.0,0.05466365892526567,0.11523699920456487,0.015247040596743986,0.005032438552900083,0.027678882071861616,0.014105687661536854,0.02116294552766927,0.0438493489626088,3.4041394335511986e-05,0.03383683822811813,0.02045011034861761,0.03184878074852026,0.03596270269496643,0.32532339696140405,0.32024531697886804,0.01164436931595693
argn_original,1,gap,pooled,2048.0,48920.0,0.023904438337749943,0.05014165124416203,0.014862937659982754,0.00025153677760005483,0.02525782544979938,0.003963719997268255,0.005870122218756935,0.030258767146964207,2.4890481879729195e-05,0.020241458970151196,0.0052818902557423275,0.012596950422477304,0.015150947804831305,0.32880036152953435,0.317738171690903,0.00460595878268162
argn_original,1,level,0,1834.0,43810.0,0.025805851271069675,0.05384114799837763,0.014982172223028667,3.310180927461122e-05,0.024877264501480024,0.0059701197670866575,0.005679239895588398,0.030053709637403236,2.38231370306842e-05,0.02127951230344356,0.005368134501573067,0.01182023158536588,0.015980419726708005,0.3297094303351596,0.3174738173894708,0.004313826258781815
argn_original,1,level,1,214.0,5110.0,0.05662161172556493,0.15578461773605315,0.1611063637123443,0.08064991316168768,0.027594820834218253,0.014105687661536854,0.020594237980358327,0.04406543367556411,3.4041394335511986e-05,0.034319966069914866,0.02045011034861761,0.03184878074852026,0.03596270269496643,0.33189141663582017,0.32024531697886804,0.1636007919636467
argn_original,1,level,pooled,2048.0,48920.0,0.024224174833141644,0.0510260872119794,0.021527211753238764,0.0007188524892938092,0.025147347946866433,0.003963719997268255,0.005843892273050451,0.030235334744601657,2.4890481879729195e-05,0.020501307725951354,0.0052818902557423275,0.012596950422477304,0.015150947804831305,0.3299476437260576,0.317738171690903,0.016184637485150397
argn_original,1,raw,0,1834.0,43810.0,0.015737322426088673,0.17522349888513356,0.2972100257139714,8.287778606767122e-06,0.021346819509627874,0.003854891786089037,0.007340940849510105,0.034900000808637054,2.7793659869131565e-05,0.009208319069201975,0.0055744341367725365,0.012327647301958468,0.015980419726708005,0.020263791675499288,0.3174738173894708,0.0021651534195392063
argn_original,1,raw,1,214.0,5110.0,0.050088302428059145,0.21817821811321314,0.2992310915125487,0.08067570185034935,0.030606905342344105,0.021960042643199344,0.016051033689257317,0.043560318893523464,6.808278867102397e-05,0.02646144932435275,0.018915955782545114,0.02726425817851481,0.03596270269496643,0.021014225466319387,0.32024531697886804,0.16131577380207984
argn_original,1,raw,pooled,2048.0,48920.0,0.015395670175362171,0.17548655953378578,0.2973901913981731,0.0007441393703709265,0.02223950952155086,0.004928874930727062,0.0076225981541086325,0.034379470369342885,3.200204813108039e-05,0.010076190513414506,0.005459016988745809,0.012984849380341468,0.015150947804831305,0.020347980292729866,0.317738171690903,0.01656655203216992
