kappa,seed,tape,group,bin,weight,observed_repeat,observed_history_prediction,generated_history_reencoded_prediction,generated_repeat,observed_history_bias,history_and_condition_composition_shift,outcome_minus_reencoded_prediction
0,20260920,20261001,pooled,0,0.1986570950779228,0.310053451973242,0.06521746455327936,0.05835021184556318,0.061337892712117974,-0.24483598741996265,-0.006867252707716175,0.0029876808665547927
0,20260920,20261001,pooled,1,0.20001144521240408,0.3114509155645982,0.06441736984878967,0.05919977293194447,0.05983927019982624,-0.24703354571580854,-0.005217596916845195,0.0006394972678817681
0,20260920,20261001,pooled,2,0.20165192565698697,0.3109352336507536,0.0653932894028391,0.06041428825518913,0.062271456227145625,-0.24554194424791448,-0.004979001147649972,0.0018571679719564943
0,20260920,20261001,pooled,3,0.19929929866281768,0.3132337927514038,0.06595995436558494,0.05933097012070263,0.06301859048419284,-0.24727383838581884,-0.006628984244882306,0.0036876203634902058
0,20260920,20261001,pooled,4,0.20038023538986843,0.31417782572824776,0.06555854282173743,0.06086736340560683,0.06472014335406345,-0.24861928290651034,-0.004691179416130599,0.0038527799484566264
0,20260920,20261002,pooled,0,0.1986570950779228,0.310053451973242,0.06521746455327936,0.059780489617129735,0.05970149253731343,-0.24483598741996265,-0.00543697493614962,-7.899707981630366e-05
0,20260920,20261002,pooled,1,0.20001144521240408,0.3114509155645982,0.06441736984878967,0.05949530312226127,0.055804046858359956,-0.24703354571580854,-0.004922066726528396,-0.0036912562639013144
0,20260920,20261002,pooled,2,0.20165192565698697,0.3109352336507536,0.0653932894028391,0.06041595344805271,0.05876757213825177,-0.24554194424791448,-0.004977335954786395,-0.0016483813098009392
0,20260920,20261002,pooled,3,0.19929929866281768,0.3132337927514038,0.06595995436558494,0.05864438470781902,0.05575173889780631,-0.24727383838581884,-0.007315569657765919,-0.002892645810012709
0,20260920,20261002,pooled,4,0.20038023538986843,0.31417782572824776,0.06555854282173743,0.059884600709701724,0.05784763152150185,-0.24861928290651034,-0.005673942112035701,-0.002036969188199872
0,20260920,20261003,pooled,0,0.1986570950779228,0.310053451973242,0.06521746455327936,0.060070707759648956,0.061158574703063136,-0.24483598741996265,-0.0051467567936304,0.00108786694341418
0,20260920,20261003,pooled,1,0.20001144521240408,0.3114509155645982,0.06441736984878967,0.0604121010566665,0.058504414423997446,-0.24703354571580854,-0.004005268792123165,-0.0019076866326690547
0,20260920,20261003,pooled,2,0.20165192565698697,0.3109352336507536,0.0653932894028391,0.05878608615894367,0.05968720076603894,-0.24554194424791448,-0.006607203243895431,0.0009011146070952714
0,20260920,20261003,pooled,3,0.19929929866281768,0.3132337927514038,0.06595995436558494,0.06071380393598742,0.05635478637101136,-0.24727383838581884,-0.005246150429597515,-0.004359017564976066
0,20260920,20261003,pooled,4,0.20038023538986843,0.31417782572824776,0.06555854282173743,0.059931473893789854,0.056452486726622605,-0.24861928290651034,-0.005627068927947572,-0.003478987167167248
0,20260920,20261004,pooled,0,0.1986570950779228,0.310053451973242,0.06521746455327936,0.05893408818590275,0.057678292555960436,-0.24483598741996265,-0.0062833763673766085,-0.0012557956299423106
0,20260920,20261004,pooled,1,0.20001144521240408,0.3114509155645982,0.06441736984878967,0.060484555631719034,0.059113300492610835,-0.24703354571580854,-0.003932814217070632,-0.001371255139108199
0,20260920,20261004,pooled,2,0.20165192565698697,0.3109352336507536,0.0653932894028391,0.05881758781369503,0.057489619929734906,-0.24554194424791448,-0.00657570158914407,-0.0013279678839601267
0,20260920,20261004,pooled,3,0.19929929866281768,0.3132337927514038,0.06595995436558494,0.06008980427513585,0.060239651416122,-0.24727383838581884,-0.00587015009044909,0.00014984714098615487
0,20260920,20261004,pooled,4,0.20038023538986843,0.31417782572824776,0.06555854282173743,0.05930748713948301,0.057795258385228886,-0.24861928290651034,-0.006251055682254418,-0.0015122287542541218
0,20260920,20261005,pooled,0,0.1986570950779228,0.310053451973242,0.06521746455327936,0.059474441927322465,0.058654153780526824,-0.24483598741996265,-0.005743022625956891,-0.0008202881467956405
0,20260920,20261005,pooled,1,0.20001144521240408,0.3114509155645982,0.06441736984878967,0.060289040002985704,0.057751404047896575,-0.24703354571580854,-0.004128329845803962,-0.002537635955089129
0,20260920,20261005,pooled,2,0.20165192565698697,0.3109352336507536,0.0653932894028391,0.06018887591633505,0.05977914631556594,-0.24554194424791448,-0.00520441348650405,-0.0004097296007691126
0,20260920,20261005,pooled,3,0.19929929866281768,0.3132337927514038,0.06595995436558494,0.0594313479401587,0.05921122568300202,-0.24727383838581884,-0.006528606425426235,-0.00022012225715668104
0,20260920,20261005,pooled,4,0.20038023538986843,0.31417782572824776,0.06555854282173743,0.06008358089198636,0.056644644210982344,-0.24861928290651034,-0.005474961929751068,-0.0034389366810040137
0,20260920,20261001,context_0,0,0.1991003022422155,0.3104568241191838,0.06541846261745682,0.058149447433805256,0.06183976261127597,-0.24503836150172698,-0.007269015183651563,0.0036903151774707113
0,20260920,20261001,context_0,1,0.1995782666760385,0.3129886595759668,0.06465653797903907,0.05901242233631794,0.05830903790087463,-0.2483321215969277,-0.005644115642721131,-0.0007033844354433078
0,20260920,20261001,context_0,2,0.2012159977507556,0.3101617354245991,0.06554499524338883,0.06053591849729041,0.06049263462931659,-0.2446167401812103,-0.00500907674609842,-4.328386797382289e-05
0,20260920,20261001,context_0,3,0.19979616222675195,0.3123306948109059,0.06609285958334082,0.058866105426360456,0.062088428974600186,-0.2462378352275651,-0.007226754156980368,0.0032223235482397306
0,20260920,20261001,context_0,4,0.2003092711042384,0.31486420099656115,0.06564803144760747,0.06064451900443424,0.06515879526544005,-0.24921616954895368,-0.005003512443173236,0.004514276261005812
0,20260920,20261002,context_0,0,0.1991003022422155,0.3104568241191838,0.06541846261745682,0.05957090443462851,0.059776864357017026,-0.24503836150172698,-0.005847558182828311,0.00020595992238851835
0,20260920,20261002,context_0,1,0.1995782666760385,0.3129886595759668,0.06465653797903907,0.05921222772048519,0.05515273980744086,-0.2483321215969277,-0.0054443102585538805,-0.004059487913044328
0,20260920,20261002,context_0,2,0.2012159977507556,0.3101617354245991,0.06554499524338883,0.060094280918840975,0.05894117647058823,-0.2446167401812103,-0.005450714324547856,-0.0011531044482527425
0,20260920,20261002,context_0,3,0.19979616222675195,0.3123306948109059,0.06609285958334082,0.05845275266469772,0.05497788932711844,-0.2462378352275651,-0.007640106918643107,-0.0034748633375792787
0,20260920,20261002,context_0,4,0.2003092711042384,0.31486420099656115,0.06564803144760747,0.06008968136721056,0.05842806502872509,-0.24921616954895368,-0.005558350080396915,-0.0016616163384854665
0,20260920,20261003,context_0,0,0.1991003022422155,0.3104568241191838,0.06541846261745682,0.06017760537416787,0.06086448598130841,-0.24503836150172698,-0.005240857243288946,0.0006868806071405401
0,20260920,20261003,context_0,1,0.1995782666760385,0.3129886595759668,0.06465653797903907,0.060759055260593164,0.05801399928817179,-0.2483321215969277,-0.0038974827184459077,-0.0027450559724213758
0,20260920,20261003,context_0,2,0.2012159977507556,0.3101617354245991,0.06554499524338883,0.059100558104349284,0.06147980459907065,-0.2446167401812103,-0.006444437139039548,0.0023792464947213696
0,20260920,20261003,context_0,3,0.19979616222675195,0.3123306948109059,0.06609285958334082,0.06082415044408791,0.05762996758314323,-0.2462378352275651,-0.005268709139252911,-0.0031941828609446804
0,20260920,20261003,context_0,4,0.2003092711042384,0.31486420099656115,0.06564803144760747,0.060252616156165305,0.058318209316394434,-0.24921616954895368,-0.00539541529144217,-0.0019344068397708705
0,20260920,20261004,context_0,0,0.1991003022422155,0.3104568241191838,0.06541846261745682,0.05906449117018898,0.05836621025760037,-0.24503836150172698,-0.006353971447267841,-0.0006982809125886044
0,20260920,20261004,context_0,1,0.1995782666760385,0.3129886595759668,0.06465653797903907,0.060849922104649214,0.059873209673632306,-0.2483321215969277,-0.0038066158743898584,-0.0009767124310169073
0,20260920,20261004,context_0,2,0.2012159977507556,0.3101617354245991,0.06554499524338883,0.058690968147292424,0.056846621380050054,-0.2446167401812103,-0.006854027096096407,-0.0018443467672423705
0,20260920,20261004,context_0,3,0.19979616222675195,0.3123306948109059,0.06609285958334082,0.05994533909105421,0.06054711246200608,-0.2462378352275651,-0.006147520492286611,0.0006017733709518663
0,20260920,20261004,context_0,4,0.2003092711042384,0.31486420099656115,0.06564803144760747,0.05936576693761797,0.058000972762645917,-0.24921616954895368,-0.006282264509989505,-0.0013647941749720532
0,20260920,20261005,context_0,0,0.1991003022422155,0.3104568241191838,0.06541846261745682,0.05949257591537791,0.058344315322870495,-0.24503836150172698,-0.005925886702078907,-0.0011482605925074163
0,20260920,20261005,context_0,1,0.1995782666760385,0.3129886595759668,0.06465653797903907,0.06021343391853654,0.059095215537659875,-0.2483321215969277,-0.00444310406050253,-0.0011182183808766677
0,20260920,20261005,context_0,2,0.2012159977507556,0.3101617354245991,0.06554499524338883,0.06002338429678297,0.05995488543274368,-0.2446167401812103,-0.005521610946605859,-6.849886403929167e-05
0,20260920,20261005,context_0,3,0.19979616222675195,0.3123306948109059,0.06609285958334082,0.059565809845179674,0.05931001890359168,-0.2462378352275651,-0.00652704973816115,-0.00025579094158799387
0,20260920,20261005,context_0,4,0.2003092711042384,0.31486420099656115,0.06564803144760747,0.05991211522031179,0.055435044589057604,-0.24921616954895368,-0.005735916227295683,-0.0044770706312541875
0,20260920,20261001,context_1,0,0.1943203786414239,0.30737564322469985,0.06355684806319596,0.06022014442894822,0.057569296375266525,-0.2438187951615039,-0.003336703634247741,-0.0026508480536816953
0,20260920,20261001,context_1,1,0.2049196720218652,0.2966818477553676,0.062035631798644034,0.06047712600337278,0.07120743034055728,-0.23464621595672358,-0.0015585057952712533,0.010730304337184499
0,20260920,20261001,context_1,2,0.2043863742417172,0.31898238747553814,0.06390154269078609,0.05958876689308073,0.07669616519174041,-0.25508084478475207,-0.004312775797705358,0.017107398298659683
0,20260920,20261001,context_1,3,0.19545363642423838,0.3202592087312415,0.06474248690296874,0.06312746402612521,0.07240704500978473,-0.25551672182827273,-0.001615022876843536,0.009279580983659524
0,20260920,20261001,context_1,4,0.20091993867075528,0.30789648307896483,0.06461442247442234,0.06303361969362749,0.06,-0.2432820606045425,-0.0015808027807948516,-0.00303361969362749
0,20260920,20261002,context_1,0,0.1943203786414239,0.30737564322469985,0.06355684806319596,0.06105389457988931,0.05823293172690763,-0.2438187951615039,-0.002502953483306654,-0.0028209628529816747
0,20260920,20261002,context_1,1,0.2049196720218652,0.2966818477553676,0.062035631798644034,0.06238130667646016,0.06224489795918367,-0.23464621595672358,0.0003456748778161295,-0.00013640871727649273
0,20260920,20261002,context_1,2,0.2043863742417172,0.31898238747553814,0.06390154269078609,0.06325465260668661,0.05705394190871369,-0.25508084478475207,-0.0006468900840994746,-0.006200710697972921
0,20260920,20261002,context_1,3,0.19545363642423838,0.3202592087312415,0.06474248690296874,0.0604946663172177,0.06320081549439348,-0.25551672182827273,-0.004247820585751044,0.002706149177175779
0,20260920,20261002,context_1,4,0.20091993867075528,0.30789648307896483,0.06461442247442234,0.058018675790383265,0.052307692307692305,-0.2432820606045425,-0.006595746684039075,-0.0057109834826909595
0,20260920,20261003,context_1,0,0.1943203786414239,0.30737564322469985,0.06355684806319596,0.0591978491149369,0.06358381502890173,-0.2438187951615039,-0.004358998948259064,0.004385965913964833
0,20260920,20261003,context_1,1,0.2049196720218652,0.2966818477553676,0.062035631798644034,0.05753799553860502,0.06198347107438017,-0.23464621595672358,-0.0044976362600390105,0.004445475535775144
0,20260920,20261003,context_1,2,0.2043863742417172,0.31898238747553814,0.06390154269078609,0.055977585922426035,0.045454545454545456,-0.25508084478475207,-0.007923956768360052,-0.010523040467880579
0,20260920,20261003,context_1,3,0.19545363642423838,0.3202592087312415,0.06474248690296874,0.05974821516054973,0.0457516339869281,-0.25551672182827273,-0.004994271742419017,-0.013996581173621625
0,20260920,20261003,context_1,4,0.20091993867075528,0.30789648307896483,0.06461442247442234,0.057193769578589126,0.03958333333333333,-0.2432820606045425,-0.007420652895833213,-0.017610436245255795
0,20260920,20261004,context_1,0,0.1943203786414239,0.30737564322469985,0.06355684806319596,0.05818649427061549,0.05311542390194075,-0.2438187951615039,-0.005370353792580475,-0.0050710703686747335
0,20260920,20261004,context_1,1,0.2049196720218652,0.2966818477553676,0.062035631798644034,0.05736922866743416,0.0504364694471387,-0.23464621595672358,-0.004666403131209876,-0.006932759220295459
0,20260920,20261004,context_1,2,0.2043863742417172,0.31898238747553814,0.06390154269078609,0.05963823351771589,0.0647410358565737,-0.25508084478475207,-0.004263309173070197,0.005102802338857813
0,20260920,20261004,context_1,3,0.19545363642423838,0.3202592087312415,0.06474248690296874,0.06135761641946278,0.05578947368421053,-0.25551672182827273,-0.0033848704835059626,-0.005568142735252253
0,20260920,20261004,context_1,4,0.20091993867075528,0.30789648307896483,0.06461442247442234,0.05871020015349108,0.05686695278969957,-0.2432820606045425,-0.005904222320931261,-0.00184324736379151
0,20260920,20261005,context_1,0,0.1943203786414239,0.30737564322469985,0.06355684806319596,0.05940327003003906,0.061284046692607,-0.2438187951615039,-0.004153578033156899,0.0018807766625679387
0,20260920,20261005,context_1,1,0.2049196720218652,0.2966818477553676,0.062035631798644034,0.06071397882500073,0.046747967479674794,-0.23464621595672358,-0.0013216529736433044,-0.013966011345325935
0,20260920,20261005,context_1,2,0.2043863742417172,0.31898238747553814,0.06390154269078609,0.06165993766886974,0.05771144278606965,-0.25508084478475207,-0.0022416050219163444,-0.003948494882800094
0,20260920,20261005,context_1,3,0.19545363642423838,0.3202592087312415,0.06474248690296874,0.058226741700099026,0.059447983014861996,-0.25551672182827273,-0.006515745202869717,0.0012212413147629705
0,20260920,20261005,context_1,4,0.20091993867075528,0.30789648307896483,0.06461442247442234,0.06165881938397439,0.06616862326574173,-0.2432820606045425,-0.002955603090447949,0.004509803881767339
0,20260921,20261001,pooled,0,0.1986570950779228,0.310053451973242,0.03546714044489007,0.032369049442629666,0.03278339542309739,-0.27458631152835195,-0.0030980910022604044,0.00041434598046772436
0,20260921,20261001,pooled,1,0.20001144521240408,0.3114509155645982,0.03542812623701552,0.03261769425121076,0.033045190939927784,-0.2760227893275827,-0.0028104319858047594,0.00042749668871702035
0,20260921,20261001,pooled,2,0.20165192565698697,0.3109352336507536,0.035472135571977294,0.0327303821151903,0.03180935949967652,-0.2754630980787763,-0.0027417534567869967,-0.0009210226155137793
0,20260921,20261001,pooled,3,0.19929929866281768,0.3132337927514038,0.03563827762066236,0.03246604734915687,0.033190241859491154,-0.27759551513074143,-0.00317223027150549,0.0007241945103342862
0,20260921,20261001,pooled,4,0.20038023538986843,0.31417782572824776,0.035797399645681294,0.03237792090972452,0.03416377588563019,-0.27838042608256647,-0.0034194787359567713,0.0017858549759056652
0,20260921,20261002,pooled,0,0.1986570950779228,0.310053451973242,0.03546714044489007,0.03290917748907519,0.03019889617827762,-0.27458631152835195,-0.0025579629558148825,-0.0027102813107975667
0,20260921,20261002,pooled,1,0.20001144521240408,0.3114509155645982,0.03542812623701552,0.03279776720320379,0.031693522569629706,-0.2760227893275827,-0.00263035903381173,-0.0011042446335740863
0,20260921,20261002,pooled,2,0.20165192565698697,0.3109352336507536,0.035472135571977294,0.0328210333229416,0.032196365954733824,-0.2754630980787763,-0.0026511022490356972,-0.0006246673682077722
0,20260921,20261002,pooled,3,0.19929929866281768,0.3132337927514038,0.03563827762066236,0.032642064162355225,0.03179160021265284,-0.27759551513074143,-0.002996213458307133,-0.0008504639497023819
0,20260921,20261002,pooled,4,0.20038023538986843,0.31417782572824776,0.035797399645681294,0.03276965278349497,0.03292226381854217,-0.27838042608256647,-0.003027746862186327,0.00015261103504720513
0,20260921,20261003,pooled,0,0.1986570950779228,0.310053451973242,0.03546714044489007,0.03234148408235593,0.0303124353403683,-0.27458631152835195,-0.003125656362534139,-0.0020290487419876296
0,20260921,20261003,pooled,1,0.20001144521240408,0.3114509155645982,0.03542812623701552,0.03249218603394061,0.03179498085920885,-0.2760227893275827,-0.002935940203074916,-0.0006972051747317562
0,20260921,20261003,pooled,2,0.20165192565698697,0.3109352336507536,0.035472135571977294,0.03256478633530959,0.03105257522218653,-0.2754630980787763,-0.002907349236667703,-0.0015122111131230624
0,20260921,20261003,pooled,3,0.19929929866281768,0.3132337927514038,0.03563827762066236,0.032676635228431165,0.030976794387479762,-0.27759551513074143,-0.0029616423922311924,-0.0016998408409514033
0,20260921,20261003,pooled,4,0.20038023538986843,0.31417782572824776,0.035797399645681294,0.03237030411491085,0.028593172428788866,-0.27838042608256647,-0.0034270955307704465,-0.0037771316861219817
0,20260921,20261004,pooled,0,0.1986570950779228,0.310053451973242,0.03546714044489007,0.0325354630993121,0.0321096119652756,-0.27458631152835195,-0.0029316773455779696,-0.00042585113403650204
0,20260921,20261004,pooled,1,0.20001144521240408,0.3114509155645982,0.03542812623701552,0.032841426583790204,0.033626649905719674,-0.2760227893275827,-0.002586699653225319,0.0007852233219294708
0,20260921,20261004,pooled,2,0.20165192565698697,0.3109352336507536,0.035472135571977294,0.032690276201538276,0.032117409337445495,-0.2754630980787763,-0.0027818593704390174,-0.0005728668640927817
0,20260921,20261004,pooled,3,0.19929929866281768,0.3132337927514038,0.03563827762066236,0.03253279070650671,0.031168549087749783,-0.27759551513074143,-0.0031054869141556446,-0.0013642416187569298
0,20260921,20261004,pooled,4,0.20038023538986843,0.31417782572824776,0.035797399645681294,0.03252893157860051,0.03200786541402666,-0.27838042608256647,-0.003268468067080782,-0.0005210661645738551
0,20260921,20261005,pooled,0,0.1986570950779228,0.310053451973242,0.03546714044489007,0.03219222366784376,0.030445465228073922,-0.27458631152835195,-0.003274916777046312,-0.0017467584397698362
0,20260921,20261005,pooled,1,0.20001144521240408,0.3114509155645982,0.03542812623701552,0.032544424023094994,0.031409168081494056,-0.2760227893275827,-0.002883702213920529,-0.0011352559416009378
0,20260921,20261005,pooled,2,0.20165192565698697,0.3109352336507536,0.035472135571977294,0.03232195793142888,0.034409061765334474,-0.2754630980787763,-0.003150177640548417,0.0020871038339055972
0,20260921,20261005,pooled,3,0.19929929866281768,0.3132337927514038,0.03563827762066236,0.03264733493620751,0.03243470935130581,-0.27759551513074143,-0.0029909426844548503,-0.00021262558490169753
0,20260921,20261005,pooled,4,0.20038023538986843,0.31417782572824776,0.035797399645681294,0.03257182443212465,0.028593090003249215,-0.27838042608256647,-0.003225575213556646,-0.003978734428875433
0,20260921,20261001,context_0,0,0.1991003022422155,0.3104568241191838,0.035522171877212,0.03231772937916616,0.03337278106508876,-0.2749346522419718,-0.0032044424980458425,0.0010550516859225978
0,20260921,20261001,context_0,1,0.1995782666760385,0.3129886595759668,0.035483028279966286,0.032698166236870364,0.03340675477239354,-0.2775056312960005,-0.0027848620430959217,0.0007085885355231775
0,20260921,20261001,context_0,2,0.2012159977507556,0.3101617354245991,0.03545585366849364,0.032738865838202735,0.031204644412191583,-0.2747058817561055,-0.0027169878302909026,-0.0015342214260111522
0,20260921,20261001,context_0,3,0.19979616222675195,0.3123306948109059,0.03563948933136704,0.03242676067573778,0.03329035283085219,-0.27669120547953885,-0.003212728655629264,0.0008635921551144107
0,20260921,20261001,context_0,4,0.2003092711042384,0.31486420099656115,0.03582203289049075,0.03248277335666656,0.0342489772063121,-0.2790421681060704,-0.0033392595338241904,0.0017662038496455423
0,20260921,20261002,context_0,0,0.1991003022422155,0.3104568241191838,0.035522171877212,0.03281415214332785,0.030062922395711955,-0.2749346522419718,-0.002708019733884154,-0.0027512297476158937
0,20260921,20261002,context_0,1,0.1995782666760385,0.3129886595759668,0.035483028279966286,0.032797040528126715,0.030331866301891282,-0.2775056312960005,-0.0026859877518395706,-0.0024651742262354337
0,20260921,20261002,context_0,2,0.2012159977507556,0.3101617354245991,0.03545585366849364,0.032697061614494774,0.032946195780990756,-0.2747058817561055,-0.002758792053998864,0.00024913416649598175
0,20260921,20261002,context_0,3,0.19979616222675195,0.3123306948109059,0.03563948933136704,0.03258362479622819,0.03107947805456702,-0.27669120547953885,-0.0030558645351388483,-0.0015041467416611713
0,20260921,20261002,context_0,4,0.2003092711042384,0.31486420099656115,0.03582203289049075,0.03266941843074206,0.03276265549944574,-0.2790421681060704,-0.0031526144597486885,9.323706870368459e-05
0,20260921,20261003,context_0,0,0.1991003022422155,0.3104568241191838,0.035522171877212,0.03231538281278434,0.029919981444972748,-0.2749346522419718,-0.003206789064427659,-0.0023954013678115955
0,20260921,20261003,context_0,1,0.1995782666760385,0.3129886595759668,0.035483028279966286,0.03252694698634999,0.03093516652838687,-0.2775056312960005,-0.0029560812936162972,-0.0015917804579631198
0,20260921,20261003,context_0,2,0.2012159977507556,0.3101617354245991,0.03545585366849364,0.032550311582249934,0.03136222169020828,-0.2747058817561055,-0.0029055420862437037,-0.0011880898920416522
0,20260921,20261003,context_0,3,0.19979616222675195,0.3123306948109059,0.03563948933136704,0.03260961351371907,0.030721228849153966,-0.27669120547953885,-0.0030298758176479715,-0.0018883846645651042
0,20260921,20261003,context_0,4,0.2003092711042384,0.31486420099656115,0.03582203289049075,0.03244342041870871,0.029408190545631305,-0.2790421681060704,-0.00337861247178204,-0.0030352298730774024
0,20260921,20261004,context_0,0,0.1991003022422155,0.3104568241191838,0.035522171877212,0.03249894768878899,0.03221664526672114,-0.2749346522419718,-0.0030232241884230113,-0.00028230242206785106
0,20260921,20261004,context_0,1,0.1995782666760385,0.3129886595759668,0.035483028279966286,0.03288240703816637,0.033501229940260044,-0.2775056312960005,-0.0026006212417999178,0.0006188229020936756
0,20260921,20261004,context_0,2,0.2012159977507556,0.3101617354245991,0.03545585366849364,0.032769524085645874,0.03142857142857143,-0.2747058817561055,-0.0026863295828477643,-0.0013409526570744429
0,20260921,20261004,context_0,3,0.19979616222675195,0.3123306948109059,0.03563948933136704,0.03248281540135031,0.03228547153780799,-0.27669120547953885,-0.003156673930016729,-0.00019734386354232358
0,20260921,20261004,context_0,4,0.2003092711042384,0.31486420099656115,0.03582203289049075,0.032510016248812,0.031823150734847566,-0.2790421681060704,-0.003312016641678746,-0.0006868655139644353
0,20260921,20261005,context_0,0,0.1991003022422155,0.3104568241191838,0.035522171877212,0.032256242734891874,0.03111111111111111,-0.2749346522419718,-0.0032659291423201287,-0.0011451316237807638
0,20260921,20261005,context_0,1,0.1995782666760385,0.3129886595759668,0.035483028279966286,0.032597807336060644,0.032368982689115484,-0.2775056312960005,-0.002885220943905642,-0.00022882464694515964
0,20260921,20261005,context_0,2,0.2012159977507556,0.3101617354245991,0.03545585366849364,0.03220500896593851,0.03391449725340339,-0.2747058817561055,-0.003250844702555128,0.0017094882874648804
0,20260921,20261005,context_0,3,0.19979616222675195,0.3123306948109059,0.03563948933136704,0.03261662686495421,0.032650672908133414,-0.27669120547953885,-0.003022862466412833,3.404604317920612e-05
0,20260921,20261005,context_0,4,0.2003092711042384,0.31486420099656115,0.03582203289049075,0.032406152857013655,0.028199566160520606,-0.2790421681060704,-0.0034158800334770922,-0.004206586696493049
0,20260921,20261001,context_1,0,0.1943203786414239,0.30737564322469985,0.035078717272977886,0.03276910248296286,0.027513227513227514,-0.27229692595172195,-0.002309614790015027,-0.005255874969735345
0,20260921,20261001,context_1,1,0.2049196720218652,0.2966818477553676,0.034819014281368944,0.031953085292874224,0.02998965873836608,-0.26186283347399864,-0.0028659289884947203,-0.001963426554508145
0,20260921,20261001,context_1,2,0.2043863742417172,0.31898238747553814,0.035632059780609855,0.032757529229824785,0.036597428288822946,-0.2833503276949283,-0.0028745305507850705,0.0038398990589981613
0,20260921,20261001,context_1,3,0.19545363642423838,0.3202592087312415,0.035618241325574757,0.032772326345122824,0.031496062992125984,-0.2846409674056667,-0.002845914980451933,-0.0012762633529968398
0,20260921,20261001,context_1,4,0.20091993867075528,0.30789648307896483,0.03552667744885376,0.03140470013800958,0.034482758620689655,-0.2723698056301111,-0.004121977310844183,0.003078058482680078
0,20260921,20261002,context_1,0,0.1943203786414239,0.30737564322469985,0.035078717272977886,0.03367492936976481,0.03146509341199607,-0.27229692595172195,-0.0014037879032130773,-0.0022098359577687396
0,20260921,20261002,context_1,1,0.2049196720218652,0.2966818477553676,0.034819014281368944,0.032980229935765146,0.04325437693099897,-0.26186283347399864,-0.0018387843456037986,0.010274146995233824
0,20260921,20261002,context_1,2,0.2043863742417172,0.31898238747553814,0.035632059780609855,0.03377370584190999,0.025799793601651185,-0.2833503276949283,-0.001858353938699868,-0.007973912240258802
0,20260921,20261002,context_1,3,0.19545363642423838,0.3202592087312415,0.035618241325574757,0.0330246688801879,0.03783231083844581,-0.2846409674056667,-0.0025935724453868547,0.004807641958257905
0,20260921,20261002,context_1,4,0.20091993867075528,0.30789648307896483,0.03552667744885376,0.033728880714722034,0.03433922996878252,-0.2723698056301111,-0.001797796734131725,0.0006103492540604841
0,20260921,20261003,context_1,0,0.1943203786414239,0.30737564322469985,0.035078717272977886,0.032502477380280205,0.03371868978805395,-0.27229692595172195,-0.0025762398926976807,0.0012162124077737466
0,20260921,20261003,context_1,1,0.2049196720218652,0.2966818477553676,0.034819014281368944,0.03219664983366788,0.038183694530443756,-0.26186283347399864,-0.0026223644477010657,0.005987044696775877
0,20260921,20261003,context_1,2,0.2043863742417172,0.31898238747553814,0.035632059780609855,0.03274412279541374,0.029352226720647773,-0.2833503276949283,-0.002887936985196113,-0.0033918960747659696
0,20260921,20261003,context_1,3,0.19545363642423838,0.3202592087312415,0.035618241325574757,0.033284504669568234,0.03225806451612903,-0.2846409674056667,-0.002333736656006523,-0.0010264401534392023
0,20260921,20261003,context_1,4,0.20091993867075528,0.30789648307896483,0.03552667744885376,0.0317378993233403,0.02265705458290422,-0.2723698056301111,-0.0037887781255134603,-0.009080844740436078
0,20260921,20261004,context_1,0,0.1943203786414239,0.30737564322469985,0.035078717272977886,0.03286870250246264,0.031408308004052685,-0.27229692595172195,-0.002210014770515245,-0.001460394498409956
0,20260921,20261004,context_1,1,0.2049196720218652,0.2966818477553676,0.034819014281368944,0.032530404552083295,0.034482758620689655,-0.26186283347399864,-0.0022886097292856497,0.00195235406860636
0,20260921,20261004,context_1,2,0.2043863742417172,0.31898238747553814,0.035632059780609855,0.03192734256007536,0.03792415169660679,-0.2833503276949283,-0.0037047172205344966,0.005996809136531431
0,20260921,20261004,context_1,3,0.19545363642423838,0.3202592087312415,0.035618241325574757,0.03310533020201434,0.02072538860103627,-0.2846409674056667,-0.0025129111235604185,-0.012379941600978068
0,20260921,20261004,context_1,4,0.20091993867075528,0.30789648307896483,0.03552667744885376,0.03259566092528122,0.034519956850053934,-0.2723698056301111,-0.002931016523572541,0.0019242959247727162
0,20260921,20261005,context_1,0,0.1943203786414239,0.30737564322469985,0.035078717272977886,0.03167155194266741,0.025048169556840076,-0.27229692595172195,-0.003407165330310477,-0.0066233823858273325
0,20260921,20261005,context_1,1,0.2049196720218652,0.2966818477553676,0.034819014281368944,0.032107189423119534,0.022448979591836733,-0.26186283347399864,-0.0027118248582494106,-0.0096582098312828
0,20260921,20261005,context_1,2,0.2043863742417172,0.31898238747553814,0.035632059780609855,0.03326477407925315,0.03896103896103896,-0.2833503276949283,-0.0023672857013567056,0.0056962648817858105
0,20260921,20261005,context_1,3,0.19545363642423838,0.3202592087312415,0.035618241325574757,0.032863342839587126,0.030818278427205102,-0.2846409674056667,-0.0027548984859876308,-0.0020450644123820236
0,20260921,20261005,context_1,4,0.20091993867075528,0.30789648307896483,0.03552667744885376,0.03413239391082818,0.03205128205128205,-0.2723698056301111,-0.0013942835380255786,-0.0020811118595461323
1,20260920,20261001,pooled,0,0.19868252888326518,0.34249687970045123,0.015626021791291838,0.01562968342244074,0.016780675502351433,-0.3268708579091594,3.6616311489025277e-06,0.0011509920799106926
1,20260920,20261001,pooled,1,0.20168371791366496,0.3282259844257385,0.0156260672135753,0.01562700539959251,0.015640273704789834,-0.31259991721216324,9.381860172109902e-07,1.3268305197322583e-05
1,20260920,20261001,pooled,2,0.2009397791074006,0.3236187583064363,0.015628033261690762,0.015626125095222095,0.016199978543074776,-0.30799072504474556,-1.908166468667094e-06,0.0005738534478526812
1,20260920,20261001,pooled,3,0.19964901348627528,0.30169750629000924,0.01562789242179917,0.01563036065154957,0.017018594390167036,-0.28606961386821006,2.4682297504012574e-06,0.001388233738617465
1,20260920,20261001,pooled,4,0.19904496060939397,0.2925504727830309,0.015627223566533184,0.015631607344279836,0.017319674728059984,-0.27692324921649775,4.383777746651968e-06,0.001688067383780148
1,20260920,20261002,pooled,0,0.19868252888326518,0.34249687970045123,0.015626021791291838,0.01563120285893832,0.01563151313047103,-0.3268708579091594,5.1810676464821015e-06,3.102715327094052e-07
1,20260920,20261002,pooled,1,0.20168371791366496,0.3282259844257385,0.0156260672135753,0.01562778628944235,0.014545454545454545,-0.31259991721216324,1.7190758670494743e-06,-0.0010823317439878043
1,20260920,20261002,pooled,2,0.2009397791074006,0.3236187583064363,0.015628033261690762,0.01563124689412017,0.014816382685998518,-0.30799072504474556,3.2136324294093632e-06,-0.0008148642081216538
1,20260920,20261002,pooled,3,0.19964901348627528,0.30169750629000924,0.01562789242179917,0.01563162193536593,0.014638316059408057,-0.28606961386821006,3.7295135667594903e-06,-0.000993305875957872
1,20260920,20261002,pooled,4,0.19904496060939397,0.2925504727830309,0.015627223566533184,0.01563054117821296,0.016012283395481466,-0.27692324921649775,3.317611679775484e-06,0.00038174221726850616
1,20260920,20261003,pooled,0,0.19868252888326518,0.34249687970045123,0.015626021791291838,0.015631606126538956,0.014804703905921882,-0.3268708579091594,5.584335247117711e-06,-0.0008269022206170741
1,20260920,20261003,pooled,1,0.20168371791366496,0.3282259844257385,0.0156260672135753,0.015628099776978654,0.015091933255393772,-0.31259991721216324,2.032563403354254e-06,-0.0005361665215848823
1,20260920,20261003,pooled,2,0.2009397791074006,0.3236187583064363,0.015628033261690762,0.01562903602951232,0.016851535836177475,-0.30799072504474556,1.002767821556283e-06,0.0012224998066651567
1,20260920,20261003,pooled,3,0.19964901348627528,0.30169750629000924,0.01562789242179917,0.015630167922545,0.014901372212692967,-0.28606961386821006,2.275500745829717e-06,-0.0007287957098520322
1,20260920,20261003,pooled,4,0.19904496060939397,0.2925504727830309,0.015627223566533184,0.015625823529676192,0.015268002165674066,-0.27692324921649775,-1.4000368569917765e-06,-0.00035782136400212654
1,20260920,20261004,pooled,0,0.19868252888326518,0.34249687970045123,0.015626021791291838,0.015628655169387367,0.015684612123781264,-0.3268708579091594,2.633378095528993e-06,5.595695439389661e-05
1,20260920,20261004,pooled,1,0.20168371791366496,0.3282259844257385,0.0156260672135753,0.015624540951151964,0.014834297738032614,-0.31259991721216324,-1.5262624233364913e-06,-0.0007902432131193498
1,20260920,20261004,pooled,2,0.2009397791074006,0.3236187583064363,0.015628033261690762,0.015629200534011903,0.014123393862164171,-0.30799072504474556,1.1672723211411662e-06,-0.0015058066718477321
1,20260920,20261004,pooled,3,0.19964901348627528,0.30169750629000924,0.01562789242179917,0.015625350563647215,0.014029786315562271,-0.28606961386821006,-2.541858151954013e-06,-0.001595564248084944
1,20260920,20261004,pooled,4,0.19904496060939397,0.2925504727830309,0.015627223566533184,0.015625507652978685,0.014597750865051903,-0.27692324921649775,-1.7159135544987658e-06,-0.0010277567879267823
1,20260920,20261005,pooled,0,0.19868252888326518,0.34249687970045123,0.015626021791291838,0.01563202031455953,0.014258147512864494,-0.3268708579091594,5.998523267693179e-06,-0.0013738728016950367
1,20260920,20261005,pooled,1,0.20168371791366496,0.3282259844257385,0.0156260672135753,0.015630792700573045,0.013459092835947435,-0.31259991721216324,4.725486997744777e-06,-0.00217169986462561
1,20260920,20261005,pooled,2,0.2009397791074006,0.3236187583064363,0.015628033261690762,0.015632043879184973,0.016625812639880635,-0.30799072504474556,4.01061749421075e-06,0.0009937687606956618
1,20260920,20261005,pooled,3,0.19964901348627528,0.30169750629000924,0.01562789242179917,0.015633255121004525,0.01592659002214956,-0.28606961386821006,5.362699205355148e-06,0.0002933349011450363
1,20260920,20261005,pooled,4,0.19904496060939397,0.2925504727830309,0.015627223566533184,0.01563228032991374,0.012440501947209,-0.27692324921649775,5.056763380556495e-06,-0.0031917783827047404
1,20260920,20261001,context_0,0,0.198200604484431,0.3198808426129513,0.01562577911686115,0.015628832701915195,0.017548019919373964,-0.30425506349609016,3.053585054046265e-06,0.001919187217458769
1,20260920,20261001,context_0,1,0.20205946439867856,0.3141893067102654,0.0156262159688612,0.01562649620112171,0.014919941775836972,-0.2985630907414042,2.8023226051124284e-07,-0.0007065544252847378
1,20260920,20261001,context_0,2,0.20044984887889225,0.3211655796339154,0.015628595287294437,0.01562563676635723,0.016235718580877932,-0.30553698434662097,-2.9585209372073873e-06,0.0006100818145207028
1,20260920,20261001,context_0,3,0.19988050889154424,0.31694623202166194,0.015628430785742733,0.015630055952814127,0.016861219195849545,-0.3013178012359192,1.6251670713930688e-06,0.0012311632430354186
1,20260920,20261001,context_0,4,0.19940957334645393,0.3152273528375044,0.015627957475862434,0.015631985568672145,0.017172430016466712,-0.299599395361642,4.028092809710976e-06,0.0015404444477945672
1,20260920,20261002,context_0,0,0.198200604484431,0.3198808426129513,0.01562577911686115,0.015630326728915737,0.015519253208868145,-0.30425506349609016,4.547612054588146e-06,-0.00011107352004759152
1,20260920,20261002,context_0,1,0.20205946439867856,0.3141893067102654,0.0156262159688612,0.015627008641394338,0.013737904670887587,-0.2985630907414042,7.926725331397488e-07,-0.001889103970506751
1,20260920,20261002,context_0,2,0.20044984887889225,0.3211655796339154,0.015628595287294437,0.015631557964258178,0.014964062684105103,-0.30553698434662097,2.9626769637407235e-06,-0.0006674952801530749
1,20260920,20261002,context_0,3,0.19988050889154424,0.31694623202166194,0.015628430785742733,0.015631421689500633,0.014534191088873005,-0.3013178012359192,2.9909037578997044e-06,-0.0010972306006276286
1,20260920,20261002,context_0,4,0.19940957334645393,0.3152273528375044,0.015627957475862434,0.01563062496003159,0.0153298994358597,-0.299599395361642,2.6674841691574913e-06,-0.0003007255241718916
1,20260920,20261003,context_0,0,0.198200604484431,0.3198808426129513,0.01562577911686115,0.01563029303914347,0.01483225426721601,-0.30425506349609016,4.513922282321087e-06,-0.0007980387719274604
1,20260920,20261003,context_0,1,0.20205946439867856,0.3141893067102654,0.0156262159688612,0.01562730347241877,0.014932448447499408,-0.2985630907414042,1.0875035575709513e-06,-0.0006948550249193611
1,20260920,20261003,context_0,2,0.20044984887889225,0.3211655796339154,0.015628595287294437,0.01562993136980417,0.01657722122838402,-0.30553698434662097,1.3360825097327722e-06,0.00094728985857985
1,20260920,20261003,context_0,3,0.19988050889154424,0.31694623202166194,0.015628430785742733,0.01562735531645626,0.015137067938021454,-0.3013178012359192,-1.0754692864739512e-06,-0.000490287378434805
1,20260920,20261003,context_0,4,0.19940957334645393,0.3152273528375044,0.015627957475862434,0.015625979547241518,0.015844218674407353,-0.299599395361642,-1.9779286209165026e-06,0.00021823912716583543
1,20260920,20261004,context_0,0,0.198200604484431,0.3198808426129513,0.01562577911686115,0.01562833279244548,0.015471831817644974,-0.30425506349609016,2.5536755843304226e-06,-0.0001565009748005046
1,20260920,20261004,context_0,1,0.20205946439867856,0.3141893067102654,0.0156262159688612,0.015625907295219614,0.014949970570924074,-0.2985630907414042,-3.086736415844338e-07,-0.0006759367242955405
1,20260920,20261004,context_0,2,0.20044984887889225,0.3211655796339154,0.015628595287294437,0.015627579208753132,0.01429081814933905,-0.30553698434662097,-1.0160785413049211e-06,-0.0013367610594140818
1,20260920,20261004,context_0,3,0.19988050889154424,0.31694623202166194,0.015628430785742733,0.015624982269932444,0.014234016887816647,-0.3013178012359192,-3.4485158102899593e-06,-0.0013909653821157966
1,20260920,20261004,context_0,4,0.19940957334645393,0.3152273528375044,0.015627957475862434,0.015623964620945376,0.014410952323766062,-0.299599395361642,-3.992854917058558e-06,-0.0012130122971793136
1,20260920,20261005,context_0,0,0.198200604484431,0.3198808426129513,0.01562577911686115,0.015632805559504935,0.013617739214268499,-0.30425506349609016,7.0264426437864624e-06,-0.002015066345236436
1,20260920,20261005,context_0,1,0.20205946439867856,0.3141893067102654,0.0156262159688612,0.015630652724891832,0.014432745770732284,-0.2985630907414042,4.436756030633954e-06,-0.0011979069541595486
1,20260920,20261005,context_0,2,0.20044984887889225,0.3211655796339154,0.015628595287294437,0.015633191615712243,0.017311365807067814,-0.30553698434662097,4.596328417805912e-06,0.0016781741913555713
1,20260920,20261005,context_0,3,0.19988050889154424,0.31694623202166194,0.015628430785742733,0.015633066874816796,0.015835777126099706,-0.3013178012359192,4.636089074062932e-06,0.00020271025128290945
1,20260920,20261005,context_0,4,0.19940957334645393,0.3152273528375044,0.015627957475862434,0.01563137061417314,0.01189332051898126,-0.299599395361642,3.4131383107073587e-06,-0.003738050095191882
1,20260920,20261001,context_1,0,0.20345310312645823,0.5511140235910879,0.01562849612330449,0.01563800009216276,0.009771986970684038,-0.5354855274677833,9.503968858268902e-06,-0.005866013121478721
1,20260920,20261001,context_1,1,0.1989867342177188,0.4623115577889447,0.015625421026443917,0.015630921807813915,0.02182952182952183,-0.4466861367625008,5.500781369998514e-06,0.006198600021707915
1,20260920,20261001,context_1,2,0.2046530231317912,0.3472312703583062,0.015621665353713867,0.015629587107041723,0.015857284440039643,-0.33160960500459236,7.921753327855968e-06,0.00022769733299791983
1,20260920,20261001,context_1,3,0.19725351643223785,0.15579587698546807,0.01562283931116864,0.01563363587878544,0.018304431599229287,-0.14017303767429942,1.0796567616799466e-05,0.002670795720443847
1,20260920,20261001,context_1,4,0.19565362309179388,0.07325383304940375,0.015620177288998229,0.015627975436795203,0.018633540372670808,-0.05763365576040552,7.798147796974145e-06,0.003005564935875605
1,20260920,20261002,context_1,0,0.20345310312645823,0.5511140235910879,0.01562849612330449,0.01563678700186414,0.016569200779727095,-0.5354855274677833,8.290878559649717e-06,0.0009324137778629546
1,20260920,20261002,context_1,1,0.1989867342177188,0.4623115577889447,0.015625421026443917,0.01563682835110173,0.02151639344262295,-0.4466861367625008,1.1407324657812523e-05,0.005879565091521221
1,20260920,20261002,context_1,2,0.2046530231317912,0.3472312703583062,0.015621665353713867,0.01562849351245424,0.013457556935817806,-0.33160960500459236,6.828158740371931e-06,-0.002170936576636433
1,20260920,20261002,context_1,3,0.19725351643223785,0.15579587698546807,0.01562283931116864,0.015633118041939495,0.015527950310559006,-0.14017303767429942,1.0278730770854269e-05,-0.00010516773138048892
1,20260920,20261002,context_1,4,0.19565362309179388,0.07325383304940375,0.015620177288998229,0.015629526372929248,0.02182952182952183,-0.05763365576040552,9.349083931018895e-06,0.006199995456592583
1,20260920,20261003,context_1,0,0.20345310312645823,0.5511140235910879,0.01562849612330449,0.015642779762970238,0.013658536585365854,-0.5354855274677833,1.4283639665747805e-05,-0.0019842431776043844
1,20260920,20261003,context_1,1,0.1989867342177188,0.4623115577889447,0.015625421026443917,0.01563431908307243,0.01756198347107438,-0.4466861367625008,8.898056628514617e-06,0.001927664388001949
1,20260920,20261003,context_1,2,0.2046530231317912,0.3472312703583062,0.015621665353713867,0.015621650563814793,0.019076305220883535,-0.33160960500459236,-1.4789899074538204e-08,0.003454654657068743
1,20260920,20261003,context_1,3,0.19725351643223785,0.15579587698546807,0.01562283931116864,0.015655542494966947,0.01276595744680851,-0.14017303767429942,3.270318379830668e-05,-0.0028895850481584374
1,20260920,20261003,context_1,4,0.19565362309179388,0.07325383304940375,0.015620177288998229,0.015624489555291393,0.010341261633919338,-0.05763365576040552,4.312266293163974e-06,-0.005283227921372055
1,20260920,20261004,context_1,0,0.20345310312645823,0.5511140235910879,0.01562849612330449,0.015634344645121905,0.01861427094105481,-0.5354855274677833,5.848521817414937e-06,0.002979926295932904
1,20260920,20261004,context_1,1,0.1989867342177188,0.4623115577889447,0.015625421026443917,0.015611824161223222,0.012833168805528134,-0.4466861367625008,-1.3596865220694837e-05,-0.0027786553556950876
1,20260920,20261004,context_1,2,0.2046530231317912,0.3472312703583062,0.015621665353713867,0.015641170335427234,0.012757605495583905,-0.33160960500459236,1.9504981713366898e-05,-0.0028835648398433285
1,20260920,20261004,context_1,3,0.19725351643223785,0.15579587698546807,0.01562283931116864,0.015628770351616025,0.012295081967213115,-0.14017303767429942,5.931040447383976e-06,-0.00333368838440291
1,20260920,20261004,context_1,4,0.19565362309179388,0.07325383304940375,0.015620177288998229,0.015639076660610696,0.016286644951140065,-0.05763365576040552,1.8899371612467533e-05,0.0006475682905293691
1,20260920,20261005,context_1,0,0.20345310312645823,0.5511140235910879,0.01562849612330449,0.015625737462746533,0.02027027027027027,-0.5354855274677833,-2.758660557957565e-06,0.004644532807523739
1,20260920,20261005,context_1,1,0.1989867342177188,0.4623115577889447,0.015625421026443917,0.01563044774232617,0.0040941658137154556,-0.4466861367625008,5.026715882254507e-06,-0.011536281928610715
1,20260920,20261005,context_1,2,0.2046530231317912,0.3472312703583062,0.015621665353713867,0.015624023339455109,0.010956175298804782,-0.33160960500459236,2.357985741241811e-06,-0.004667848040650327
1,20260920,20261005,context_1,3,0.19725351643223785,0.15579587698546807,0.01562283931116864,0.015634867520002614,0.016684045881126174,-0.14017303767429942,1.2028208833973417e-05,0.0010491783611235594
1,20260920,20261005,context_1,4,0.19565362309179388,0.07325383304940375,0.015620177288998229,0.015640511279723244,0.017391304347826087,-0.05763365576040552,2.033399072501503e-05,0.0017507930681028433
1,20260921,20261001,pooled,0,0.19868252888326518,0.34249687970045123,0.02545799135193851,0.02524526273410162,0.026172893136403128,-0.31703888834851274,-0.00021272861783688812,0.0009276304023015068
1,20260921,20261001,pooled,1,0.20168371791366496,0.3282259844257385,0.025383718380933368,0.02494826349906665,0.026069739302606972,-0.30284226604480513,-0.00043545488186671685,0.0011214758035403213
1,20260921,20261001,pooled,2,0.2009397791074006,0.3236187583064363,0.025162195225187485,0.02488509763056911,0.0252514444682217,-0.29845656308124885,-0.0002770975946183758,0.0003663468376525897
1,20260921,20261001,pooled,3,0.19964901348627528,0.30169750629000924,0.024915599815511637,0.024781782365366274,0.027263267429760665,-0.27678190647449763,-0.0001338174501453633,0.002481485064394391
1,20260921,20261001,pooled,4,0.19904496060939397,0.2925504727830309,0.02478624111865646,0.02469728982063072,0.027347405635853177,-0.26776423166437446,-8.895129802573981e-05,0.002650115815222457
1,20260921,20261002,pooled,0,0.19868252888326518,0.34249687970045123,0.02545799135193851,0.0252725381031157,0.022865043071360204,-0.31703888834851274,-0.0001854532488228082,-0.0024074950317554966
1,20260921,20261002,pooled,1,0.20168371791366496,0.3282259844257385,0.025383718380933368,0.025164786984712247,0.022485335650662613,-0.30284226604480513,-0.00021893139622112048,-0.0026794513340496345
1,20260921,20261002,pooled,2,0.2009397791074006,0.3236187583064363,0.025162195225187485,0.02508064692398403,0.0253324889170361,-0.29845656308124885,-8.154830120345527e-05,0.0002518419930520703
1,20260921,20261002,pooled,3,0.19964901348627528,0.30169750629000924,0.024915599815511637,0.02488462224741039,0.023978779840848806,-0.27678190647449763,-3.0977568101248076e-05,-0.0009058424065615835
1,20260921,20261002,pooled,4,0.19904496060939397,0.2925504727830309,0.02478624111865646,0.024723935233399635,0.024134985049124306,-0.26776423166437446,-6.230588525682479e-05,-0.0005889501842753289
1,20260921,20261003,pooled,0,0.19868252888326518,0.34249687970045123,0.02545799135193851,0.025028227885032978,0.0253619359611117,-0.31703888834851274,-0.00042976346690553127,0.0003337080760787217
1,20260921,20261003,pooled,1,0.20168371791366496,0.3282259844257385,0.025383718380933368,0.025040723917276405,0.024603431531239884,-0.30284226604480513,-0.00034299446365696276,-0.00043729238603652104
1,20260921,20261003,pooled,2,0.2009397791074006,0.3236187583064363,0.025162195225187485,0.024893419356068577,0.025757896968412127,-0.29845656308124885,-0.00026877586911890766,0.0008644776123435498
1,20260921,20261003,pooled,3,0.19964901348627528,0.30169750629000924,0.024915599815511637,0.024856874351585078,0.025088075157467707,-0.27678190647449763,-5.872546392655942e-05,0.00023120080588262884
1,20260921,20261003,pooled,4,0.19904496060939397,0.2925504727830309,0.02478624111865646,0.024627328099268764,0.023230917460657318,-0.26776423166437446,-0.00015891301938769642,-0.0013964106386114457
1,20260921,20261004,pooled,0,0.19868252888326518,0.34249687970045123,0.02545799135193851,0.025286674422167976,0.025,-0.31703888834851274,-0.00017131692977053262,-0.00028667442216797484
1,20260921,20261004,pooled,1,0.20168371791366496,0.3282259844257385,0.025383718380933368,0.025037144204409122,0.023181624840493405,-0.30284226604480513,-0.0003465741765242454,-0.001855519363915717
1,20260921,20261004,pooled,2,0.2009397791074006,0.3236187583064363,0.025162195225187485,0.02494634592937556,0.023441606223063176,-0.29845656308124885,-0.00021584929581192416,-0.001504739706312385
1,20260921,20261004,pooled,3,0.19964901348627528,0.30169750629000924,0.024915599815511637,0.02490120654168497,0.02292541168873103,-0.27678190647449763,-1.4393273826667635e-05,-0.0019757948529539396
1,20260921,20261004,pooled,4,0.19904496060939397,0.2925504727830309,0.02478624111865646,0.024678725895969426,0.02440068493150685,-0.26776423166437446,-0.00010751522268703448,-0.000278040964462576
1,20260921,20261005,pooled,0,0.19868252888326518,0.34249687970045123,0.02545799135193851,0.025271288508633367,0.024638633377135347,-0.31703888834851274,-0.0001867028433051414,-0.0006326551314980201
1,20260921,20261005,pooled,1,0.20168371791366496,0.3282259844257385,0.025383718380933368,0.025134397506240046,0.02109020116807268,-0.30284226604480513,-0.00024932087469332204,-0.0040441963381673655
1,20260921,20261005,pooled,2,0.2009397791074006,0.3236187583064363,0.025162195225187485,0.025010407174897702,0.024539231174302265,-0.29845656308124885,-0.00015178805028978268,-0.00047117600059543713
1,20260921,20261005,pooled,3,0.19964901348627528,0.30169750629000924,0.024915599815511637,0.024868864978167003,0.02408124803685478,-0.27678190647449763,-4.673483734463427e-05,-0.000787616941312224
1,20260921,20261005,pooled,4,0.19904496060939397,0.2925504727830309,0.02478624111865646,0.0247545584717491,0.023285351397121085,-0.26776423166437446,-3.168264690735917e-05,-0.0014692070746280157
1,20260921,20261001,context_0,0,0.198200604484431,0.3198808426129513,0.02529837752081582,0.025173429886885576,0.026636133542244183,-0.2945824650921355,-0.00012494763393024536,0.0014627036553586069
1,20260921,20261001,context_0,1,0.20205946439867856,0.3141893067102654,0.0252713862137945,0.02492008121990473,0.024843192719222727,-0.2889179204964709,-0.0003513049938897693,-7.688850068200345e-05
1,20260921,20261001,context_0,2,0.20044984887889225,0.3211655796339154,0.025188916324743574,0.02487901501026816,0.025674865026994603,-0.29597666330917183,-0.0003099013144754158,0.0007958500167264439
1,20260921,20261001,context_0,3,0.19988050889154424,0.31694623202166194,0.02498584333194798,0.024717815025180334,0.027537922987164527,-0.29196038868971397,-0.000268028306767646,0.0028201079619841925
1,20260921,20261001,context_0,4,0.19940957334645393,0.3152273528375044,0.024901474386638776,0.024714811229532025,0.027652435496933934,-0.29032587845086566,-0.00018666315710675133,0.0029376242674019094
1,20260921,20261002,context_0,0,0.198200604484431,0.3198808426129513,0.02529837752081582,0.025249718914589346,0.02258409604184001,-0.2945824650921355,-4.8658606226475304e-05,-0.0026656228727493375
1,20260921,20261002,context_0,1,0.20205946439867856,0.3141893067102654,0.0252713862137945,0.025179365623955577,0.021828765462042203,-0.2889179204964709,-9.202058983892245e-05,-0.003350600161913374
1,20260921,20261002,context_0,2,0.20044984887889225,0.3211655796339154,0.025188916324743574,0.025054992797693305,0.025894538606403013,-0.29597666330917183,-0.00013392352705026908,0.0008395458087097074
1,20260921,20261002,context_0,3,0.19988050889154424,0.31694623202166194,0.02498584333194798,0.024807090823632087,0.02402935606060606,-0.29196038868971397,-0.00017875250831589362,-0.0007777347630260265
1,20260921,20261002,context_0,4,0.19940957334645393,0.3152273528375044,0.024901474386638776,0.024725469680845373,0.02352800668816434,-0.29032587845086566,-0.00017600470579340333,-0.0011974629926810344
1,20260921,20261003,context_0,0,0.198200604484431,0.3198808426129513,0.02529837752081582,0.025014375250700112,0.025094696969696968,-0.2945824650921355,-0.0002840022701157095,8.032171899685636e-05
1,20260921,20261003,context_0,1,0.20205946439867856,0.3141893067102654,0.0252713862137945,0.02500652911520677,0.024663137632338787,-0.2889179204964709,-0.00026485709858772855,-0.00034339148286798363
1,20260921,20261003,context_0,2,0.20044984887889225,0.3211655796339154,0.025188916324743574,0.024831627718109404,0.025637982195845697,-0.29597666330917183,-0.0003572886066341707,0.0008063544777362937
1,20260921,20261003,context_0,3,0.19988050889154424,0.31694623202166194,0.02498584333194798,0.02473450635502837,0.024916943521594685,-0.29196038868971397,-0.000251336976919609,0.0001824371665663134
1,20260921,20261003,context_0,4,0.19940957334645393,0.3152273528375044,0.024901474386638776,0.024635440983215857,0.023316991510223605,-0.29032587845086566,-0.0002660334034229189,-0.0013184494729922523
1,20260921,20261004,context_0,0,0.198200604484431,0.3198808426129513,0.02529837752081582,0.02532364393662922,0.02510460251046025,-0.2945824650921355,2.5266415813397086e-05,-0.00021904142616896785
1,20260921,20261004,context_0,1,0.20205946439867856,0.3141893067102654,0.0252713862137945,0.025095566197041952,0.02379535990481856,-0.2889179204964709,-0.0001758200167525474,-0.001300206292223393
1,20260921,20261004,context_0,2,0.20044984887889225,0.3211655796339154,0.025188916324743574,0.024921840693171615,0.022863877430760165,-0.29597666330917183,-0.00026707563157195996,-0.0020579632624114497
1,20260921,20261004,context_0,3,0.19988050889154424,0.31694623202166194,0.02498584333194798,0.024899784080471977,0.023194327604855184,-0.29196038868971397,-8.605925147600266e-05,-0.0017054564756167935
1,20260921,20261004,context_0,4,0.19940957334645393,0.3152273528375044,0.024901474386638776,0.024668668798348378,0.023928571428571428,-0.29032587845086566,-0.00023280558829039816,-0.0007400973697769507
1,20260921,20261005,context_0,0,0.198200604484431,0.3198808426129513,0.02529837752081582,0.025293764184984708,0.02376554611501047,-0.2945824650921355,-4.613335831113452e-06,-0.0015282180699742395
1,20260921,20261005,context_0,1,0.20205946439867856,0.3141893067102654,0.0252713862137945,0.025119172217056354,0.02176541717049577,-0.2889179204964709,-0.00015221399673814515,-0.003353755046560585
1,20260921,20261005,context_0,2,0.20044984887889225,0.3211655796339154,0.025188916324743574,0.024987820751509515,0.025044091710758377,-0.29597666330917183,-0.00020109557323405927,5.6270959248861524e-05
1,20260921,20261005,context_0,3,0.19988050889154424,0.31694623202166194,0.02498584333194798,0.024852302122573118,0.024336283185840708,-0.29196038868971397,-0.0001335412093748621,-0.0005160189367324104
1,20260921,20261005,context_0,4,0.19940957334645393,0.3152273528375044,0.024901474386638776,0.024764839527989004,0.022609514837494113,-0.29032587845086566,-0.00013663485864977287,-0.0021553246904948906
1,20260921,20261001,context_1,0,0.20345310312645823,0.5511140235910879,0.02692627050788148,0.025858736215311973,0.024043715846994537,-0.5241877530832064,-0.0010675342925695053,-0.001815020368317436
1,20260921,20261001,context_1,1,0.1989867342177188,0.4623115577889447,0.026434914182428538,0.02522309757379025,0.03455497382198953,-0.4358766436065162,-0.0012118166086382866,0.009331876248199276
1,20260921,20261001,context_1,2,0.2046530231317912,0.3472312703583062,0.024951042413274706,0.02494072462924923,0.021760633036597428,-0.32228022794503147,-1.0317784025475757e-05,-0.003180091592651802
1,20260921,20261001,context_1,3,0.19725351643223785,0.15579587698546807,0.024239216034463346,0.025298307176085902,0.02495201535508637,-0.1315566609510047,0.0010590911416225555,-0.0003462918209995308
1,20260921,20261001,context_1,4,0.19565362309179388,0.07325383304940375,0.023671354876682035,0.024546467539263775,0.024665981500513873,-0.04958247817272171,0.0008751126625817403,0.00011951396125009853
1,20260921,20261002,context_1,0,0.20345310312645823,0.5511140235910879,0.02692627050788148,0.02545617083106265,0.025100401606425703,-0.5241877530832064,-0.0014700996768188292,-0.00035576922463694677
1,20260921,20261002,context_1,1,0.1989867342177188,0.4623115577889447,0.026434914182428538,0.025082752724947154,0.029045643153526972,-0.4358766436065162,-0.0013521614574813837,0.003962890428579818
1,20260921,20261002,context_1,2,0.2046530231317912,0.3472312703583062,0.024951042413274706,0.02527115803235018,0.01962809917355372,-0.32228022794503147,0.0003201156190754742,-0.0056430588587964604
1,20260921,20261002,context_1,3,0.19725351643223785,0.15579587698546807,0.024239216034463346,0.025560539397105696,0.0235655737704918,-0.1315566609510047,0.0013213233626423494,-0.001994965626613894
1,20260921,20261002,context_1,4,0.19565362309179388,0.07325383304940375,0.023671354876682035,0.024706398024253787,0.029233870967741934,-0.04958247817272171,0.0010350431475717528,0.004527472943488146
1,20260921,20261003,context_1,0,0.20345310312645823,0.5511140235910879,0.02692627050788148,0.025098062640443296,0.026732673267326732,-0.5241877530832064,-0.0018282078674381821,0.0016346106268834357
1,20260921,20261003,context_1,1,0.1989867342177188,0.4623115577889447,0.026434914182428538,0.025364943040368338,0.02494802494802495,-0.4358766436065162,-0.0010699711420601998,-0.00041691809234338864
1,20260921,20261003,context_1,2,0.2046530231317912,0.3472312703583062,0.024951042413274706,0.02540494148113581,0.026812313803376366,-0.32228022794503147,0.0004538990678611028,0.0014073723222405576
1,20260921,20261003,context_1,3,0.19725351643223785,0.15579587698546807,0.024239216034463346,0.025959631866042283,0.027659574468085105,-0.1315566609510047,0.001720415831578937,0.0016999426020428213
1,20260921,20261003,context_1,4,0.19565362309179388,0.07325383304940375,0.023671354876682035,0.024576770113123352,0.021494370522006142,-0.04958247817272171,0.0009054152364413176,-0.0030823995911172103
1,20260921,20261004,context_1,0,0.20345310312645823,0.5511140235910879,0.02692627050788148,0.02500335170446258,0.024210526315789474,-0.5241877530832064,-0.0019229188034189,-0.0007928253886731046
1,20260921,20261004,context_1,1,0.1989867342177188,0.4623115577889447,0.026434914182428538,0.02453370984324599,0.018924302788844622,-0.4358766436065162,-0.0019012043391825467,-0.005609407054401369
1,20260921,20261004,context_1,2,0.2046530231317912,0.3472312703583062,0.024951042413274706,0.025114090448238157,0.027237354085603113,-0.32228022794503147,0.00016304803496345124,0.002123263637364956
1,20260921,20261004,context_1,3,0.19725351643223785,0.15579587698546807,0.024239216034463346,0.02492480175665666,0.020618556701030927,-0.1315566609510047,0.0006855857221933145,-0.004306245055625733
1,20260921,20261004,context_1,4,0.19565362309179388,0.07325383304940375,0.023671354876682035,0.024768217018868586,0.028601694915254237,-0.04958247817272171,0.0010968621421865513,0.0038334778963856515
1,20260921,20261005,context_1,0,0.20345310312645823,0.5511140235910879,0.02692627050788148,0.025100745580340984,0.03155818540433925,-0.5241877530832064,-0.0018255249275404943,0.006457439823998268
1,20260921,20261005,context_1,1,0.1989867342177188,0.4623115577889447,0.026434914182428538,0.025278307609106144,0.015495867768595042,-0.4358766436065162,-0.001156606573322394,-0.009782439840511102
1,20260921,20261005,context_1,2,0.2046530231317912,0.3472312703583062,0.024951042413274706,0.025180578565028446,0.020100502512562814,-0.32228022794503147,0.00022953615175374045,-0.005080076052465632
1,20260921,20261005,context_1,3,0.19725351643223785,0.15579587698546807,0.024239216034463346,0.025011641713423478,0.021784232365145227,-0.1315566609510047,0.0007724256789601314,-0.0032274093482782505
1,20260921,20261005,context_1,4,0.19565362309179388,0.07325383304940375,0.023671354876682035,0.02466784014186154,0.02931937172774869,-0.04958247817272171,0.0009964852651795052,0.004651531585887152
