model_id,candidate_id,source_kind,status,all_five_guards_pass,failed_guards,largest_failure_component,largest_failure_ratio,amount_ks,amount_ks_threshold,amount_ks_check,amount_ks_ratio_to_threshold,amount_ks_delta_vs_tvae_selected,gap_ks,gap_ks_threshold,gap_ks_check,gap_ks_ratio_to_threshold,gap_ks_delta_vs_tvae_selected,amount_abs_standardized_label_effect,amount_abs_standardized_label_effect_threshold,amount_abs_standardized_label_effect_check,amount_abs_standardized_label_effect_ratio_to_threshold,amount_abs_standardized_label_effect_delta_vs_tvae_selected,gap_abs_standardized_label_effect,gap_abs_standardized_label_effect_threshold,gap_abs_standardized_label_effect_check,gap_abs_standardized_label_effect_ratio_to_threshold,gap_abs_standardized_label_effect_delta_vs_tvae_selected,receiver_max_abs_signed_frequency,receiver_max_abs_signed_frequency_threshold,receiver_max_abs_signed_frequency_check,receiver_max_abs_signed_frequency_ratio_to_threshold,receiver_max_abs_signed_frequency_delta_vs_tvae_selected
ctgan_separate_class,ctgan_v27_c00_frozen_standard,frozen_control,FAIL,False,"amount_ks,gap_ks,amount_abs_standardized_label_effect,receiver_max_abs_signed_frequency",amount_ks,26.302210844112093,0.15994737794221647,0.006081138155655141,FAIL,26.302210844112093,0.15504741545189138,0.042130956808560494,0.006387882975686154,FAIL,6.595449066446775,0.036361867057964625,0.15739738490009872,0.0363693454591819,FAIL,4.327748627666374,0.1274595730991902,0.04132540101414345,0.051540527275560376,PASS,0.8018040016004888,0.039950335593403205,0.029209442517897546,0.02,FAIL,1.4604721258948772,0.022415049456733796
ctgan_separate_class,ctgan_v27_c01_amount_quantile_inverse,stored_v2_7_evaluation,FAIL,False,"gap_ks,receiver_max_abs_signed_frequency",gap_ks,6.440626103547293,0.003227693136008347,0.006081138155655141,PASS,0.5307712229834411,-0.0016722693543167466,0.04114196583960961,0.006387882975686154,FAIL,6.440626103547293,0.03537287608901374,0.008727642444275839,0.0363693454591819,PASS,0.23997249150582214,-0.02121016935663269,0.03264708979304742,0.051540527275560376,PASS,0.633425607357496,0.031272024372307174,0.026672031008210265,0.02,FAIL,1.3336015504105132,0.019877637947046514
ctgan_separate_class,ctgan_v27_c02_categorical_logit,stored_v2_7_evaluation,FAIL,False,"amount_ks,gap_ks,amount_abs_standardized_label_effect,receiver_max_abs_signed_frequency",amount_ks,26.18824744446258,0.15925435076425964,0.006081138155655141,FAIL,26.18824744446258,0.15435438827393455,0.04502505669664836,0.006387882975686154,FAIL,7.048509947352627,0.03925596694605249,0.14186391321617203,0.0363693454591819,FAIL,3.9006452116491612,0.1119261014152635,0.046268331551648126,0.051540527275560376,PASS,0.8977077650811649,0.04489326613090788,0.028411380073218508,0.02,FAIL,1.4205690036609253,0.021616987012054757
tvae_separate_class,tvae_v27_c00_frozen_temperature_0_75,frozen_control,FAIL,False,"amount_ks,gap_ks,amount_abs_standardized_label_effect",amount_ks,12.669839730023002,0.07704704580827831,0.006081138155655141,FAIL,12.669839730023002,0.07214708331795322,0.007007139808880958,0.006387882975686154,FAIL,1.0969424198207522,0.0012380500582850895,0.0959392814885709,0.0363693454591819,FAIL,2.637916087773579,0.06600146968766236,0.0012802996717590162,0.051540527275560376,PASS,0.024840639772928982,-9.476574898122786e-05,0.005332414120450629,0.02,PASS,0.26662070602253146,-0.0014619789407131212
tvae_separate_class,tvae_v27_c01_amount_inverse_decoder,stored_v2_7_evaluation,PASS,True,,,0.0,0.004899962490325094,0.006081138155655141,PASS,0.8057640469438084,0.0,0.005769089750595868,0.006387882975686154,PASS,0.9031301563529631,0.0,0.02993781180090853,0.0363693454591819,PASS,0.8231605882076811,0.0,0.001375065420740244,0.051540527275560376,PASS,0.026679304489620078,0.0,0.00679439306116375,0.02,PASS,0.3397196530581875,0.0
tvae_separate_class,tvae_v27_c02_bounded_temperature,stored_v2_7_evaluation,FAIL,False,"amount_ks,gap_ks,amount_abs_standardized_label_effect",amount_ks,12.672006155345855,0.07706022013997049,0.006081138155655141,FAIL,12.672006155345855,0.0721602576496454,0.00643646852913321,0.006387882975686154,FAIL,1.0076058928493188,0.000667378778537342,0.07872742922673624,0.0363693454591819,FAIL,2.164664451140418,0.048789617425827714,0.016557311731001098,0.051540527275560376,PASS,0.3212483962858542,0.015182246310260853,0.004956258896090771,0.02,PASS,0.24781294480453853,-0.0018381341650729795
cof_seqgen,cof_v27_c00_frozen_variance_residual,frozen_control,FAIL,False,"amount_ks,gap_ks,amount_abs_standardized_label_effect,gap_abs_standardized_label_effect",gap_abs_standardized_label_effect,5.0241803765036614,0.028220657842463193,0.006081138155655141,FAIL,4.64068684514583,0.0233206953521381,0.02244017136797355,0.006387882975686154,FAIL,3.512927749832978,0.01667108161737768,0.03831363135119061,0.0363693454591819,FAIL,1.0534594688868082,0.008375819550282083,0.25894890573252216,0.051540527275560376,FAIL,5.0241803765036614,0.25757384031178193,0.01810577260056522,0.02,PASS,0.9052886300282611,0.011311379539401471
cof_seqgen,cof_v27_c01_empirical_residual,stored_v2_7_evaluation,FAIL,False,"gap_ks,gap_abs_standardized_label_effect",gap_abs_standardized_label_effect,5.0241803765036614,0.003925903617421178,0.006081138155655141,PASS,0.64558698009028,-0.0009740588729039157,0.02244017136797355,0.006387882975686154,FAIL,3.512927749832978,0.01667108161737768,0.004578512140862445,0.0363693454591819,PASS,0.12588931923454624,-0.025359299660046082,0.25894890573252216,0.051540527275560376,FAIL,5.0241803765036614,0.25757384031178193,0.01810577260056522,0.02,PASS,0.9052886300282611,0.011311379539401471
cof_seqgen,cof_v27_c02_gap_logit_bias,stored_v2_7_evaluation,FAIL,False,"amount_ks,gap_ks,gap_abs_standardized_label_effect",gap_abs_standardized_label_effect,6.3823906164691575,0.0291134169292091,0.006081138155655141,FAIL,4.787494739308816,0.024213454438884008,0.009416293536285036,0.006387882975686154,FAIL,1.474086731414109,0.003647203785689168,0.018892007590243447,0.0363693454591819,PASS,0.5194486552265933,-0.011045804210665082,0.3289517776514092,0.051540527275560376,FAIL,6.3823906164691575,0.327576712230669,0.019471177051411145,0.02,PASS,0.9735588525705573,0.012676783990247395
